Contract Type,Provider ID,Program Name,Sponsor Name,Program Address,Program Borough,Program Zipcode,Program Phone
ABUSE PREVENTION,1E101,SHOPP ELDER ABUSE BX 1-8,THE NEIGHBORHOOD SELF-HELP BY OLDER PERSONS PROJEC,953 SOUTHERN BOULEVARD,BRONX,10459,718-542-0006 
ABUSE PREVENTION,2E101,JASA ELDER ABUSE,THE JEWISH ASSOCIATION FOR SERVICES FOR THE AGED ,44 COURT STREET,BROOKLYN,11201,718-943-7752 
ABUSE PREVENTION,3E201,CARTER BURDEN ELDER ABUSE,"CARTER BURDEN NETWORK, INC.",1484 FIRST AVENUE,NEW YORK,10021,212-879-7400 
ABUSE PREVENTION,4E101,JASA ELDER ABUSE,THE JEWISH ASSOCIATION FOR SERVICES FOR THE AGED ,97-77 QUEENS BOULEVARD,REGO PARK,11374,718-286-1524 
ABUSE PREVENTION,5E101,CASC ELDER ABUSE,COMMUNITY AGENCY FOR SENIOR CITIZENS INC ,56 BAY STREET,STATEN ISLAND,10301,718-981-6226 
ABUSE PREVENTION,62001,ELDER ABUSE MULTIDISCIPLINARY TEAMS SERV,WEILL MEDICAL COLLEGE OF CORNELL UNIVERSITY,425 EAST 61 STREET,New York,10010,646-845-8202 
ABUSE PREVENTION,64701,Weill Cornell PROTECT ,WEILL MEDICAL COLLEGE OF CORNELL UNIVERSITY,478 FIRST AVENUE,NEW YORK,10016,914-997-4333 
CAREGIVER,1K101,PSS CAREGIVER SUPPORT PROGRAM,PRESBYTERIAN SENIOR SERVICES  ,325 EAST 156TH STREET,BRONX,10451,212-222-3132 
CAREGIVER,1K501,NSHOPP CAREGIVERS,THE NEIGHBORHOOD SELF-HELP BY OLDER PERSONS PROJEC,953 Southern Blvd,Bronx,10459,718-542-0006 
CAREGIVER,2K201,JASA BROOKLYN CAREGIVER RESPITE PROGRAM,THE JEWISH ASSOCIATION FOR SERVICES FOR THE AGED ,161 CORBIN PLACE,BROOKLYN,11235,718-934-4180 
CAREGIVER,2K401,HEIGHTS AND HILL CAREGIVER PROGRAM,"HEIGHTS AND HILLS, INC. ",81 WILLOUGHBY STREET,BROOKLYN,11201,718-596-8789 
CAREGIVER,3K301,LENOX HILL CAREGIVERS,LENOX HILL NEIGHBORHOOD HOUSE INC ,331 EAST 70TH STREET,New York,10021,212-744-5022 
CAREGIVER,3K401,HMH CAREGIVER SERVICES MANHATTAN,HAMILTON MADISON HOUSE INC  ,100 GOLD STREET,NEW YORK,10038,212-788-5580 
CAREGIVER,4K101,WQCN AT SUNNYSIDE COMMUNITY SERVICES,SUNNYSIDE COMMUNITY SERVICES INC ,43-31 39TH STREET,LONG ISLAND CIT,11104,718-392-6945 
CAREGIVER,4K301,CAREGIVER PROGRAM OF SNAP,SERVICES NOW FOR ADULT PERSONS INC ,80-45 WINCHESTER BOULEVARD,QUEENS VILLAGE,11427,718-527-5380 
CAREGIVER,5K101,JCC OF SI CAREGIVER SERVICES,JEWISH COMMUNITY CENTER OF STATEN ISLAND INC ,1297 ARTHUR KILL ROAD,STATEN ISLAND,10312,718-475-5287 
CAREGIVER,6K101,HMH CAREGIVER SERVICES CITYWIDE,HAMILTON MADISON HOUSE INC  ,100 GOLD STREET,NEW YORK,10038,212-788-5580 
CAREGIVER,6K301,PARTNERS IN CARING AT SAGE,"SERVICES AND ADVOCACY FOR GAY,LESBIAN,BISEXUAL AND",305 7TH AVENUE,NEW YORK,10001,212-741-2247 
CAREGIVER,6K501,VISIONS CAREGIVER PROGRAM,VISIONS/SERVICES FOR THE BLIND AND VISUALLY IMPAIR,500 GREENWICH STREET,NEW YORK,10013,212-625-1616 
CASE MANAGEMENT ONLY,1M901,NEIGHBORHOOD SHOPP CASE MANAGEMENT BX-1,THE NEIGHBORHOOD SELF-HELP BY OLDER PERSONS PROJEC,910 EAST 172ND STREET,BRONX,10460,718-542-0006 
CASE MANAGEMENT ONLY,1MA01,RAIN CASE MANAGEMENT BX-2,REGIONAL AID FOR INTERIM NEEDS INC ,3377A WHITE PLAINS ROAD,BRONX,10467,347-346-9676 
CASE MANAGEMENT ONLY,1MB01,JASA CASE MANAGEMENT BX-03,THE JEWISH ASSOCIATION FOR SERVICES FOR THE AGED ,1351 WHITE PLAINS ROAD,BRONX,10462,347-547-7140 
CASE MANAGEMENT ONLY,2ME01,HEIGHTS AND HILLS CASE MANAGEMENT BK-02,"HEIGHTS AND HILLS, INC. ",57 WILLOUGHBY STREET,BROOKLYN,11201,718-596-8789 
CASE MANAGEMENT ONLY,2MF01,SPECIAL SVCS. FOR SR. CASE MANG. BK-3,RECREATION ROOMS AND SETTLEMENT INC ,1304 EAST 57TH STREET,BROOKLYN,11234,718-257-1600 
CASE MANAGEMENT ONLY,2MG01,JASA CASE MANAGEMENT BK-4,THE JEWISH ASSOCIATION FOR SERVICES FOR THE AGED ,1090 CONEY ISLAND AVENUE,BROOKLYN,11230,718-934-4294 
CASE MANAGEMENT ONLY,2MH01,BENSON RIDGE CASE MANAGEMENT BK-5,CATHOLIC CHARITIES NEIGHBORHOOD SERVICES INC,6823 FIFTH AVENUE,BROOKLYN,11220,718-680-3530 
CASE MANAGEMENT ONLY,2MJ01,JASA CASE MANAGEMENT BK-6,THE JEWISH ASSOCIATION FOR SERVICES FOR THE AGED ,3161 BRIGHTON 6TH STREET,BROOKLYN,11235,718-943-1615 
CASE MANAGEMENT ONLY,2MK01,JASA CASE MANAGEMENT BK-7,THE JEWISH ASSOCIATION FOR SERVICES FOR THE AGED ,161 CORBIN PLACE,BROOKLYN,11235,718-934-4295 
CASE MANAGEMENT ONLY,2MP01,RIDGEWOOD BUSHWICK CASE MANAGEMENT BK-01,RISEBORO COMMUNITY PARTNERSHIP INC,1175 Gates Avenue,BROOKLYN,11221,929-251-6626 
CASE MANAGEMENT ONLY,3M801,NEW YORK FOUNDATION CASE MANAGEMENT MN-1,NEW YORK FOUNDATION FOR SENIOR CITIZENS INC ,11 PARK PLACE,NEW  YORK,10007,212-962-7817 
CASE MANAGEMENT ONLY,3M901,SELFHELP PROJECT CASE MANAGEMENT MN-2,SELFHELP COMMUNITY SERVICES INC ,"520 EIGHTH AVENUE,",NEW  YORK,10018,212-787-8106 
CASE MANAGEMENT ONLY,3MA01,LENOX HILL CASE MANAGEMENT MN-3,LENOX HILL NEIGHBORHOOD HOUSE INC ,331 EAST 70TH STREET,NEW  YORK,10021,212-218-0506 
CASE MANAGEMENT ONLY,4MB01,SUNNYSIDE CASE MANAGEMENT,SUNNYSIDE COMMUNITY SERVICES INC ,43-31 39TH STREET,SUNNYSIDE,11104,718-784-6173 
CASE MANAGEMENT ONLY,4MD01,QUEENS COMM. HOUSE CASE MANAGEMENT QNS-3,QUEENS COMMUNITY HOUSE INC. ,107-20 71ST ROAD,FOREST HILLS,11375,718-896-8511 
CASE MANAGEMENT ONLY,4ME01,SELFHELP PROJECT QUEENS,SELFHELP COMMUNITY SERVICES INC ,45-25 KISSENA BOULEVARD,FLUSHING,11355,718-321-8194 
CASE MANAGEMENT ONLY,4MF01,SOUTHWEST QUEENS CASE MANAGEMENT-QN 5,CATHOLIC CHARITIES NEIGHBORHOOD SERVICES INC,183-16 JAMAICA AVENUE,HOLLIS,11423,718-217-0126 
CASE MANAGEMENT ONLY,4MG01,SNAP CASE MANAGEMENT QNS-06,SERVICES NOW FOR ADULT PERSONS INC ,80-45 WINCHESTER BOULEVARD,QUEENS VIALLAGE,11427,718-527-5380 
CASE MANAGEMENT ONLY,4MH01,JASA CASE MANAGEMENT-QN 7,THE JEWISH ASSOCIATION FOR SERVICES FOR THE AGED ,131 BEACH 19TH STREET,FAR ROCKAWAY,11691,718-713-3413 
CASE MANAGEMENT ONLY,5M401,CASC CSMG,COMMUNITY AGENCY FOR SENIOR CITIZENS INC ,56 BAY STREET,STATEN ISLAND,10301,718-981-6226 
CONGREGATE SITES,15E03,SOUNDVIEW HOUSE SOCIAL CLUB,THE NEIGHBORHOOD SELF-HELP BY OLDER PERSONS PROJEC,1674 SEWARD AVENUE,BRONX,10473,718-542-0006 
CONGREGATE SITES,17602,Sedgwick Houses Social Club,BRONXWORKS INC,1553 UNIVERSITY AVENUE,BRONX,10453,646-393-4000 
CONGREGATE SITES,1A602,NYCHA SITE HIGHBRIDGE GARDENS,PRESBYTERIAN SENIOR SERVICES  ,1181 NELSON AVENUE,BRONX,10452,718-588-3004 
CONGREGATE SITES,21H02,GLENMORE SOCIAL CLUB,WAYSIDE OUT-REACH DEVELOPMENT INC ,1777 PITKIN AVENUE,BROOKLYN,11212,718-000-0000 
CONGREGATE SITES,21H03,Brownsville Social Club,WAYSIDE OUT-REACH DEVELOPMENT INC ,528 MOTHER GASTON BLVD,BROOKLYN,11212,718-345-5665 
CONGREGATE SITES,21J02,Langston Hughes Social Club,WAYSIDE OUT-REACH DEVELOPMENT INC ,301  SUTTER AVENUE ,BROOKLYN ,11212,718-498-2990 
CONGREGATE SITES,28702,Cypress Hills Social Club ,CYPRESS HILLS-FULTON STREET SENIOR CITIZENS CENTER,3208 FULTON STREET,BROOKLYN,11208,718-235-0064 
CONGREGATE SITES,34104,Lincoln Social Club ,"CENTRAL HARLEM SENIOR CITIZENS CENTERS, INC.",60 EAST 135TH STREET,NEW YORK,10037,212-926-4465 
CONGREGATE SITES,39902,Wagner Senior Center,UNION SETTLEMENT ASSOCIATION ,435 East 120th Street,New York,10035,212-828-6046 
CONGREGATE SITES,41H02,RAICES CORONA NEIGHBORHOOD SENIOR CENT,SPANISH SPEAKING ELDERLY COUNCIL RAICES INC.,40-15 COLLEGE POINT BLVD,FLUSHING,11354,718-961-7670 
CONGREGATE SITES,43S02,ASTORIA NYCHA SITE 9,SPANISH SPEAKING ELDERLY COUNCIL RAICES INC.,21-21 30TH DRIVE,LONG ISLAND CIT,11102,718-726-9642 
GERIATRIC MENTAL HEALTH ,1G701,JASA MENTAL HEALTH,THE JEWISH ASSOCIATION FOR SERVICES FOR THE AGED ,247 West 37th Street,NEW YORK,10018,718-365-4044 
GERIATRIC MENTAL HEALTH ,3G101,SPOP MENTAL HEALTH,SERVICE PROGRAM FOR OLDER PEOPLE INC ,302 WEST 91ST STREET,NEW YORK,10024,212-787-7120 
GERIATRIC MENTAL HEALTH ,4G801,SAMUEL FIELD MENTAL HEALTH,SAMUEL FIELD YM & YWHA INC  ,58-20   Little Neck Parkway,Little Neck  ,11362,718-225-6750 
GERIATRIC MENTAL HEALTH ,5G301,WEILL CORNELL MENTAL HEALTH,WEILL MEDICAL COLLEGE OF CORNELL UNIVERSITY,1300 YORK AVENUE,NEW YORK,10065,914-997-4333 
HOME CARE,1H501,PERSONAL TOUCH -BRONX,PERSONAL-TOUCH HOME CARE OF N.Y. INC.,186-18 HILLSIDE AVENUE,JAMAICA,11432,718-468-2500 
HOME DELIVERED MEALS,15X01,MID BRONX HOME DELIVERED MEALS,MID BRONX SENIOR CITIZENS COUNCIL INC ,900 GRAND CONCOURSE,BRONX,10451,718-992-2057 
HOME DELIVERED MEALS,15Y01,RAIN HOME DELIVERED MEALS,REGIONAL AID FOR INTERIM NEEDS INC ,811 Morris Park Avenue,BRONX,10462,718-231-7246 
HOME DELIVERED MEALS,15Z01,RAIN HOME DELIVERED MEALS,REGIONAL AID FOR INTERIM NEEDS INC ,811 Morris Park Avenue,BRONX,10462,718-231-7246 
HOME DELIVERED MEALS,27Y01,JCCGCI HOME DELIVERED MEALS,JEWISH COMMUNITY COUNCIL OF GREATER CONEY ISLAND I,3001 WEST 37TH  STREET  ,BROOKLYN,11224,718-627-2500 
HOME DELIVERED MEALS,29D01,WAYSIDE HOME DELIVERED MEALS,WAYSIDE OUT-REACH DEVELOPMENT INC ,460 DUMONT AVENUE,BROOKLYN,11212,929-234-6333 
HOME DELIVERED MEALS,29E01,JASA HOME DELIVERED MEALS,THE JEWISH ASSOCIATION FOR SERVICES FOR THE AGED ,247 West 37th Street,New York,10018,718-769-7455
HOME DELIVERED MEALS,29F01,BAYRIDGE HOME DELIVERED MEALS,BAY RIDGE CENTER INC d/b/a BAY RIDGE CENTER,411 OVINGTON AVENUE,BROOKLYN,11209,718-748-0650 
HOME DELIVERED MEALS,29G01,JASA HOME DELIVERED MEALS,THE JEWISH ASSOCIATION FOR SERVICES FOR THE AGED ,247 West 37th Street,New York,10018,718-337-1989 
HOME DELIVERED MEALS,29H01,RIDGEWOOD BUSHWICK HOME DELIVERED MEALS,RISEBORO COMMUNITY PARTNERSHIP INC,565 Bushwick Avenue,BROOKLYN,11206,718-782-6334 
HOME DELIVERED MEALS,29R01,RIDGEWOOD BUSHWICK HOME DELIVERED MEALS,RISEBORO COMMUNITY PARTNERSHIP INC,565 Bushwick Avenue,BROOKLYN,11206,718-782-6334 
HOME DELIVERED MEALS,36F01,HENRY ST HOME DELIVERED MEALS,HENRY STREET SETTLEMENT  ,265 HENRY STREET,NEW YORK,10002,212-473-1474 
HOME DELIVERED MEALS,36G01,ENCORE HOME DELIVERED MEALS,ENCORE COMMUNITY SERVICES  ,239 WEST 49TH STREET,NEW YORK,10019,212-581-2910 
HOME DELIVERED MEALS,36H01,STANLEY ISAACS HOME DELIVERED MEALS,STANLEY M ISAACS NEIGHBORHOOD CENTER INC ,415 EAST 93RD STREET,NEW YORK,10128,212-360-7620 
HOME DELIVERED MEALS,36J01,CHARLES WALBURG HOME DELIVERED MEALS,CHARLES A WALBURG MULTI SERVICE ORGANIZATION INC ,163 WEST 125TH STREET,NEW YORK,10027,212-222-2552 
HOME DELIVERED MEALS,46E01,CCNS SWQ HOME DELIVERED MEALS PROGRAM,CATHOLIC CHARITIES NEIGHBORHOOD SERVICES INC,191 Joralemon St,Brooklyn,11201,718-806-1080 
HOME DELIVERED MEALS,46G01,JASA HOME DELIVERED MEALS,THE JEWISH ASSOCIATION FOR SERVICES FOR THE AGED ,247  West 37th Street,New York,10018,718-327-6023 
HOME DELIVERED MEALS,46H01,CCNS HOME DELIVERED MEALS,CATHOLIC CHARITIES NEIGHBORHOOD SERVICES INC,191 Joralemon St,Brooklyn,11201,718-357-4903 
HOME DELIVERED MEALS,46J01,SNAP HOME DELIVERED MEALS,SERVICES NOW FOR ADULT PERSONS INC ,80-45 WINCHESTER BOULEVARD,QUEENS VILLAGE,11427,718-454-2385 
HOME DELIVERED MEALS,46N01,CCNS HOME DELIVERED MEALS,CATHOLIC CHARITIES NEIGHBORHOOD SERVICES INC,191 Joralemon St,Brooklyn,11201,718-806-1080 
HOME DELIVERED MEALS,46P01,PETER CARDELLA HOME DELIVERED MEALS,PETER CARDELLA SENIOR CITIZEN CENTER INC ,68-52 FRESH POND ROAD,RIDGEWOOD,11385,718-497-2908 
HOME DELIVERED MEALS,46R01,QUEENS COMM HOUSE HOME DELIVERED MEALS,QUEENS COMMUNITY HOUSE INC. ,108-25 62nd DRIVE,FOREST HILLS,11375,718-592-5757 
HOME DELIVERED MEALS,46S01,FLORENCE E. SMITH HOME DELIVERED MEALS,CORONA CONGREGATIONAL CHURCH  ,102-18 34TH AVENUE,CORONA,11368,718-899-0553 
HOME DELIVERED MEALS,55601,MEALS ON WHEELS OF S.I.,MEALS ON WHEELS OF STATEN ISLAND INC ,304 PORT RICHMOND AVENUE,STATEN ISLAND,10302,718-727-4435 
INNOVATIVE SENIOR CENTERS,15E01,Neighborhood SHOPP Innovative Senior Center,THE NEIGHBORHOOD SELF-HELP BY OLDER PERSONS PROJEC,910 EAST 172ND STREET,BRONX,10460,718-542-0222 
INNOVATIVE SENIOR CENTERS,15G01,BronxWorks Innovative Senior Center,BRONXWORKS INC,80 EAST 181ST STREET,BRONX,10453,718-933-5300 
INNOVATIVE SENIOR CENTERS,28G01,Ridgewood Bushwick Innovative Senior Center,RISEBORO COMMUNITY PARTNERSHIP INC,9 NOLL STREET,BROOKLYN,11206,718-782-3601 
INNOVATIVE SENIOR CENTERS,28L01,JCCGCI Innovative Senior Center,JEWISH COMMUNITY COUNCIL OF GREATER CONEY ISLAND I,3001 WEST 37TH STREET,BROOKLYN,11224,718-449-5000 
INNOVATIVE SENIOR CENTERS,35D01,Carter Burden Innovative Senior Center,"CARTER BURDEN NETWORK, INC.",312 EAST 109 STREET,NEW YORK,10029,212-423-9665 
INNOVATIVE SENIOR CENTERS,35E01,Sirovich Innovative Senior Center,THE EDUCATIONAL ALLIANCE INC  ,331 EAST 12TH STREET,NEW YORK,10003,646-395-4523 
INNOVATIVE SENIOR CENTERS,35F01,FIND Aid Innovative Senior Center,FIND AID FOR THE AGED  ,141 WEST 73RD STREET,NEW YORK,10023,212-787-7710 
INNOVATIVE SENIOR CENTERS,35K01,Lenox Hill Innovative Senior Center,LENOX HILL NEIGHBORHOOD HOUSE INC ,343 EAST 70TH STREET,NEW YORK,10021,212-218-0316 
INNOVATIVE SENIOR CENTERS,35K02,Lenox Hill Innovative Senior Center,LENOX HILL NEIGHBORHOOD HOUSE INC ,343 EAST 70TH STREET,NEW YORK,10021,212-744-5905 
INNOVATIVE SENIOR CENTERS,35M01,YM YWHA INNOVATIVE SENIOR CENTER,YM YWHA OF WASHINGTON HEIGHTS AND INWOOD INC ,54 NAGLE AVENUE,NEW YORK,10040,212-569-6200 
INNOVATIVE SENIOR CENTERS,45N01,HANAC Harmony JVL Innovative Senior Center,"HANAC, INC. ",27-40 HOYT AVENUE SOUTH,ASTORIA,11102,718-396-5002 
INNOVATIVE SENIOR CENTERS,45T01,Selfhelp Innovative Senior Center,SELFHELP COMMUNITY SERVICES INC ,45-25 KISSENA BOULEVARD,FLUSHING,11355,718-886-5777 
INNOVATIVE SENIOR CENTERS,45V01,SNAP Innovative Senior Center,SERVICES NOW FOR ADULT PERSONS INC ,80-45 WINCHESTER  BOULEVARD,QUEENS VILLAGE,11427,718-454-2100 
INNOVATIVE SENIOR CENTERS,57401,JCC of Staten Island Innovative Senior Center,JEWISH COMMUNITY CENTER OF STATEN ISLAND INC ,1466 MANOR ROAD,STATEN ISLAND,10314,718-475-5200 
INNOVATIVE SENIOR CENTERS,64801,VISIONS Innovative Senior Center,VISIONS/SERVICES FOR THE BLIND AND VISUALLY IMPAIR,135 WEST 23RD STREET,NEW YORK,10011,646-486-4444 
INNOVATIVE SENIOR CENTERS,64901,SAGE Innovative Senior Center,"SERVICES AND ADVOCACY FOR GAY,LESBIAN,BISEXUAL AND",305 SEVENTH AVENUE,NEW YORK,10001,212-741-2247 
INNOVATIVE SENIOR CENTERS,64902,SAGE Center at Ingersoll Senior Residences,"SERVICES AND ADVOCACY FOR GAY,LESBIAN,BISEXUAL AND",112 Saint Edwards Street,Brook,11205,212-741-2247 
LEGAL SERVICES,1AA01,LSNY BRONX,LSNY-BRONX CORPORATION,349 EAST 149TH STREET,BRONX,10451,917-661-4500 
LEGAL SERVICES,20I01,SOUTH BROOKLYN LEGAL SERVICES INC,BROOKLYN LEGAL SERVICES INC,105 Court Street,Brooklyn,11201,646-442-3563 
LEGAL SERVICES,32V01,MOBILIZATION FOR JUSTICE INC,MOBILIZATION FOR JUSTICE INC  ,100 WILLIAM STREET,NEW YORK,10038,212-417-3700 
LEGAL SERVICES,32V02,NORTHERN MANHATTAN IMPROVEMENT CO,MOBILIZATION FOR JUSTICE INC  ,76 WADSWORTH AVENUE,NEW YORK,10033,212-822-8300 
LEGAL SERVICES,40A01,JASA LEGAL SERVICES,THE JEWISH ASSOCIATION FOR SERVICES FOR THE AGED ,97-77 QUEENS BOULEVARD,FLUSHING,11374,718-286-1500 
NEIGHBORHOOD SENIOR CENTE,10101,YM YWHA RIVERDALE Y SENIOR CENTER,YM YWHA OF THE BRONX dba RIVERDALE YM YWHA ,5625 ARLINGTON AVENUE,BRONX,10471,718-548-8200 
NEIGHBORHOOD SENIOR CENTE,10401,MARBLE HILL NEIGHBORHOOD SENIOR CENTER,CHILD DEVELOPMENT CENTER OF THE MOSHOLU-MONTEFIORE,5365 BROADWAY,Bronx,10463,718-562-8551 
NEIGHBORHOOD SENIOR CENTE,10A01,MITCHELL NEIGHBORHOOD SENIOR CENTER,EAST SIDE HOUSE INC  ,188 LINCOLN AVENUE,BRONX,10454,718-665-2168 
NEIGHBORHOOD SENIOR CENTE,10C01,N SHOPP LEON NEIGHBORHOOD SENIOR CENTE,THE NEIGHBORHOOD SELF-HELP BY OLDER PERSONS PROJEC,735 EAST 152ND STREET,BRONX,10455,718-708-6897 
NEIGHBORHOOD SENIOR CENTE,10D01,VAN CORTLANDT NEIGHBORHOOD SENIOR CENT,THE JEWISH ASSOCIATION FOR SERVICES FOR THE AGED ,3880 SEDGWICK AVENUE,BRONX,10463,718-549-4700 
NEIGHBORHOOD SENIOR CENTE,10F01,RAIN BOSTON SECOR NEIGHBORHOOD SR CTR,REGIONAL AID FOR INTERIM NEEDS INC ,3450 BIVONA STREET,BRONX,10475,718-671-8550 
NEIGHBORHOOD SENIOR CENTE,10G01,CONCOURSE PLAZA WELLNESS NC,MID BRONX SENIOR CITIZENS COUNCIL INC ,900 GRAND CONCOURSE,BRONX,10451,718-588-8200 
NEIGHBORHOOD SENIOR CENTE,10H01,E. ROBERT MOORE NEIGHBORHOOD SENIOR CENT,BRONXWORKS INC,515 JACKSON AVENUE,BRONX,10455,718-665-5559 
NEIGHBORHOOD SENIOR CENTE,10I01,PSS DAVIDSON NEIGHBORHOOD SENIOR CENTE,PRESBYTERIAN SENIOR SERVICES  ,950 UNION AVENUE,BRONX,10459,718-328-2811 
NEIGHBORHOOD SENIOR CENTE,10J01,RAIN GUNHILL NEIGHBORHOOD SENIOR CENTER,REGIONAL AID FOR INTERIM NEEDS INC ,3377 WHITE PLAINS ROAD,BRONX,10467,718-881-5589 
NEIGHBORHOOD SENIOR CENTE,10K01,THOMAS GUESS NEIGHBORHOOD SENIOR CENT,THE NEIGHBORHOOD SELF-HELP BY OLDER PERSONS PROJEC,2070 CLINTON AVENUE,BRONX,10457,718-584-2357 
NEIGHBORHOOD SENIOR CENTE,10M01,BAY EDEN NEIGHBORHOOD SENIOR CENTER,THE JEWISH ASSOCIATION FOR SERVICES FOR THE AGED ,1220 EAST 229TH STREET,BRONX,10468,718-882-3815 
NEIGHBORHOOD SENIOR CENTE,10M02,SUE GINSBURG SENIOR CENTER,THE JEWISH ASSOCIATION FOR SERVICES FOR THE AGED ,975 WARING AVENUE,BRONX,10469,718-881-1758 
NEIGHBORHOOD SENIOR CENTE,10N01,WILLIAM HODSON NEIGHBORHOOD SENIOR CTR,WILLIAM HODSON COMMUNITY CENTER INC ,1320 WEBSTER AVENUE,BRONX,10456,718-538-1515 
NEIGHBORHOOD SENIOR CENTE,10S01,PSS ANDREW JACKSON NEIGHBORHOOD SR CT,PRESBYTERIAN SENIOR SERVICES  ,325 EAST 156TH STREET,BRONX,10451,718-885-1640 
NEIGHBORHOOD SENIOR CENTE,10S02,MORRISANIA AIR RIGHTS SOCIAL CLUB,PRESBYTERIAN SENIOR SERVICES  ,3135 PARK AVENUE,BRONX,10451,718-992-2528 
NEIGHBORHOOD SENIOR CENTE,10W01,JAMES MONROE NEIGHBORHOOD SENIOR CENT,INSTITUTE FOR THE PUERTO RICAN HISPANIC ELDERLY IN,1776 Story a STORY AVENUE,BRONX,10472,718-893-3484 
NEIGHBORHOOD SENIOR CENTE,11J01,RAIN MIDDLETOWN NEIGHBORHOOD SENIOR CT,REGIONAL AID FOR INTERIM NEEDS INC ,3035 MIDDLETOWN ROAD,BRONX,10461,718-822-0486 
NEIGHBORHOOD SENIOR CENTE,11M01,RAIN BOSTON EAST NEIGHBORHOOD SENIOR CT,REGIONAL AID FOR INTERIM NEEDS INC ,3450 BOSTON ROAD,BRONX,10469,718-654-9200 
NEIGHBORHOOD SENIOR CENTE,11N01,PSS PARKSIDE NEIGHBORHOOD SENIOR CENTE,PRESBYTERIAN SENIOR SERVICES  ,644 ADEE AVENUE,BRONX,10467,718-881-7780 
NEIGHBORHOOD SENIOR CENTE,11P01,EAST CONCOURSE NSC,BRONXWORKS INC,236 EAST TREMONT AVENUE,BRONX,10457,718-731-6300 
NEIGHBORHOOD SENIOR CENTE,11T01,BETANCES NEIGHBORHOOD SENIOR CENTER,INSTITUTE FOR THE PUERTO RICAN HISPANIC ELDERLY IN,607 CONCORD AVE,BRONX,10455,718-292-4922 
NEIGHBORHOOD SENIOR CENTE,12801,SISTER ANNUNCIATA BETHEL NSC,BEDFORD PARK MULTI-SERVICE CENTER FOR SENIOR CITIZ,243 EAST 204TH STREET,BRONX,10458,718-365-3725 
NEIGHBORHOOD SENIOR CENTE,12A01,ARTURO SCHOMBURG NEIGHBORHOOD SENIOR,INSTITUTE FOR THE PUERTO RICAN HISPANIC ELDERLY IN,1315 FRANKLIN AVENUE,BRONX,10456,718-842-6880 
NEIGHBORHOOD SENIOR CENTE,12D01,RAIN BOSTON ROAD NEIGHBORHOOD SENIOR C,REGIONAL AID FOR INTERIM NEEDS INC ,2424 BOSTON ROAD,BRONX,10467,718-547-8827 
NEIGHBORHOOD SENIOR CENTE,12E01,MOSHOLU MONTEFIORE NEIGHBORHOOD SR CT,CHILD DEVELOPMENT CENTER OF THE MOSHOLU-MONTEFIORE,3450 DEKALB AVENUE,BRONX,10467,718-798-6601 
NEIGHBORHOOD SENIOR CENTE,12E03,MOSHOLU MONTEFIORE NEIGHBORHOOD SR CT,CHILD DEVELOPMENT CENTER OF THE MOSHOLU-MONTEFIORE,3450 DEKALB AVENUE,BRONX,10467,718-798-6601 
NEIGHBORHOOD SENIOR CENTE,12G01,RAIN NEREID NEIGHBORHOOD SENIOR CENTER,REGIONAL AID FOR INTERIM NEEDS INC ,720 NEREID AVENUE,BROXN,10466,718-994-0132 
NEIGHBORHOOD SENIOR CENTE,12H01,RAIN EASTCHESTER NEIGHBORHOOD SENIOR C,REGIONAL AID FOR INTERIM NEEDS INC ,1246 BURKE AVENUE,BRONX,10469,718-882-8513 
NEIGHBORHOOD SENIOR CENTE,12H02,TOLENTINE ZEISER COMMUNITY LIFE CENTER,REGIONAL AID FOR INTERIM NEEDS INC ,2345 UNIVERSITY AVENUE,BRONX,10468,718-933-3305 
NEIGHBORHOOD SENIOR CENTE,12H03,BAILEY SENIOR CENTER,REGIONAL AID FOR INTERIM NEEDS INC ,2660 BAILEY AVENUE,BRONX,10463,718-796-2559 
NEIGHBORHOOD SENIOR CENTE,12M01,RAIN MT CARMEL NEIGHBORHOOD SENIOR CTR,REGIONAL AID FOR INTERIM NEEDS INC ,2405  SOUTHERN BLVD,BRONX,10458,718-733-8852 
NEIGHBORHOOD SENIOR CENTE,12N01,KIPS BAY CASTLE HILL NEIGHBORHOOD SR CTR,KIPS BAY BOYS AND GIRLS CLUB  ,625 CASTLE HILL AVENUE,BRONX,10473,718-319-9156 
NEIGHBORHOOD SENIOR CENTE,12R01,BRONX RIVER NEIGHBORHOOD SENIOR CENTER,INSTITUTE FOR THE PUERTO RICAN HISPANIC ELDERLY IN,1619 EAST 174TH ST,BRONX,10472,718-617-6334 
NEIGHBORHOOD SENIOR CENTE,12T01,COOP CITY NEIGHBORHOOD SENIOR CENTE,THE JEWISH ASSOCIATION FOR SERVICES FOR THE AGED ,2049 BARTOW AVENUE,BRONX,10475,718-320-2066 
NEIGHBORHOOD SENIOR CENTE,12T03,COOP CITY NEIGHBORHOOD SENIOR CENTE,THE JEWISH ASSOCIATION FOR SERVICES FOR THE AGED ,2049 BARTOW AVENUE,BRONX,10475,718-320-2066 
NEIGHBORHOOD SENIOR CENTE,13201,THROGS NECK NEIGHBORHOOD SENIOR CENTER,THE JEWISH ASSOCIATION FOR SERVICES FOR THE AGED ,2705 SCHLEY AVENUE,Bronx,10465,718-823-1771 
NEIGHBORHOOD SENIOR CENTE,13D01,DREISER NEIGHBORHOOD SENIOR CENTER,THE JEWISH ASSOCIATION FOR SERVICES FOR THE AGED ,177 DREISER LOOP,BRONX,10475,718-320-1345 
NEIGHBORHOOD SENIOR CENTE,15601,RAIN PARKCHESTER NEIGHBORHOOD SENIOR C,REGIONAL AID FOR INTERIM NEEDS INC ,1380 METROPOLITAN AVENUE,BRONX,10462,718-597-9220 
NEIGHBORHOOD SENIOR CENTE,15D01,PSS City Island Neighborhood Senior Center,PRESBYTERIAN SENIOR SERVICES  ,116 CITY ISLAND AVENUE,BRONX,10464,718-885-0727 
NEIGHBORHOOD SENIOR CENTE,17601,HEIGHTS NEIGHBORHOOD SENIOR CENTER,BRONXWORKS INC,200 WEST TREMONT AVENUE,BRONX,10453,718-299-0300 
NEIGHBORHOOD SENIOR CENTE,17801,HOPE OF ISRAEL NEIGHBORHOOD SENIOR CTR,HOPE OF ISRAEL SENIOR CITIZENS CENTER INC ,1068 GERARD AVENUE,BRONX,10452,718-665-8400 
NEIGHBORHOOD SENIOR CENTE,18201,MELROSE MOTT HAVEN NEIGHBORHOOD SR CTR,EAST SIDE HOUSE INC  ,372 EAST 152 STREET,BRONX,10455,718-665-2280 
NEIGHBORHOOD SENIOR CENTE,18401,NORTHEAST BRONX NEIGHBORHOOD SENIOR CT,NORTHEAST BRONX SENIOR CITIZENS INC ,2968 BRUCKNER BLVD.,BRONX,10465,718-892-6090 
NEIGHBORHOOD SENIOR CENTE,18801,RIVERDALE NEIGHBORHOOD SENIOR CENTER,RIVERDALE SENIOR SERVICES INC  ,2600 NETHERLAND AVENUE,BRONX,10463,718-884-5900 
NEIGHBORHOOD SENIOR CENTE,18901,SEBCO NEIGHBORHOOD SENIOR CENTER,SEBCO DEVELOPMENT INC  ,887 SOUTHERN BLVD.,BRONX,10459,718-617-3465 
NEIGHBORHOOD SENIOR CENTE,1A601,PSS HIGHBRIDGE NEIGHBORHOOD SENIOR CENTE,PRESBYTERIAN SENIOR SERVICES  ,1181 NELSON AVENUE,BRONX,10452,718-588-3004 
NEIGHBORHOOD SENIOR CENTE,1YH01,BRONX HOUSE WEINBERG NSC,BRONX HOUSE INC  ,990  PELHAM PARKWAY SOUTH,BRONX,10461,718-792-1800 
NEIGHBORHOOD SENIOR CENTE,20201,GRACE AGARD HAREWOOD NEIGHBORHOOD SENIOR,FORT GREENE COUNCIL ,966 FULTON STREET,BROOKLYN,11238,718-638-6910 
NEIGHBORHOOD SENIOR CENTE,20601,KRAKUS LUNCHEON CLUB NEIGHBORHOOD SC,POLISH & SLAVIC CENTER INC  ,176 JAVA STREET,BROOKLYN,11222,718-383-3324 
NEIGHBORHOOD SENIOR CENTE,20A01,SEPHARDIC MULTI SERVICE SENIOR CENTER,SEPHARDIC MULTI SERVICES SENIOR CITIZEN CENTER INC,485 KINGS HIGHWAY,BROOKLYN,11223,718-336-1300 
NEIGHBORHOOD SENIOR CENTE,20A02,House of Jacob Neighborhood Senior Center,SEPHARDIC MULTI SERVICES SENIOR CITIZEN CENTER INC,6222 23RD AVENUE,BROOKLYN,11204,718-259-0100 
NEIGHBORHOOD SENIOR CENTE,20B01,SHALOM NEIGHBORHOOD SENIOR CENTER,CROWN HEIGHTS PRESERVATION CORP ,483  ALBANY AVENUE,BROOKLYN,11203,718-774-9213 
NEIGHBORHOOD SENIOR CENTE,20D01,UNITED NEIGHBORHOOD SENIOR CITIZENS CTR,UNITED SENIOR CITIZENS OF SUNSET PARK INC ,475  EAST 53RD STREET,BROOKLYN,11220,718-439-8647 
NEIGHBORHOOD SENIOR CENTE,20F01,WILLIAMSBURG SATMAR NEIGHBORHOOD SR CTR,CONGREGATION YETEV LEV DSATMAR  ,125 HEYWARD  STREET,BROOKLYN,11206,718-625-1608 
NEIGHBORHOOD SENIOR CENTE,20J01,BROOKDALE NEIGHBORHOOD SENIOR CENTER,AGUDATH ISRAEL OF AMERICA COMMUNITY SERVICES INC ,817 AVENUE H,BROOKLYN,11230,718-854-7430 
NEIGHBORHOOD SENIOR CENTE,20Q01,INDEPENDENCE NEIGHBORHOOD SENIOR CENTER,BERGEN BASIN COMMUNITY DEVELOPMENT CORPORATION DBA,114 TAYLOR STREET,BROOKLYN,11211,718-388-9242 
NEIGHBORHOOD SENIOR CENTE,20U01,MARINE PARK ACTIVE ADULTS NEIGHBORHOOD,BERGEN BEACH YOUTH ORGANIZATION INC ,3000 FILLMORE AVENUE,BROOKLYN,11234,718-336-0275 
NEIGHBORHOOD SENIOR CENTE,20Y01,BCA NEIGHBORHOOD SENIOR CENTER,BROOKLYN CHINESE-AMERICAN ASSOCIATION INC,545 60TH STREET,BROOKLYN,11220,718-567-9311 
NEIGHBORHOOD SENIOR CENTE,21301,CCNS THE LODGE NEIGHBORHOOD SR CTR,CATHOLIC CHARITIES NEIGHBORHOOD SERVICES INC,7711 18TH AVENUE,BROOKLYN,11214,718-621-1081 
NEIGHBORHOOD SENIOR CENTE,21401,CCNS NORTHSIDE NEIGHBORHOOD SENIOR CTR,CATHOLIC CHARITIES NEIGHBORHOOD SERVICES INC,179 NORTH 6TH STREET,BROOKLYN,11211,718-387-2316 
NEIGHBORHOOD SENIOR CENTE,21601,RAICES TIMES PLAZA NEIGHBORHOOD SC,SPANISH SPEAKING ELDERLY COUNCIL RAICES INC.,460 ATLANTIC AVENUE,BROOKLYN,11217,718-694-0895 
NEIGHBORHOOD SENIOR CENTE,21604,RAICES,SPANISH SPEAKING ELDERLY COUNCIL RAICES INC.,460 ATLANTIC AVENUE,BROOKLYN,11217,718-694-0895 
NEIGHBORHOOD SENIOR CENTE,21801,BORO PARK Y NEIGHBORHOOD SENIOR CENTER,YOUNG MENS AND YOUNG WOMENS HEBREW ASSOCIATION OF ,4912 14TH AVENUE,BROOKLYN,11219,718-435-3804 
NEIGHBORHOOD SENIOR CENTE,21A01,HABER HOUSE NEIGHBORHOOD SENIOR CENTER,JEWISH COMMUNITY COUNCIL OF GREATER CONEY ISLAND I,3024  WEST 24TH STREET,BROOKLYN,11224,718-372-5775 
NEIGHBORHOOD SENIOR CENTE,21B01,MARIA LAWTON NEIGHBORHOOD SENIOR CENTER,FORT GREENE COUNCIL ,400 HART STREET,BROOKLYN,11206,718-452-7474 
NEIGHBORHOOD SENIOR CENTE,21C01,MARLBORO NEIGHBORHOOD SENIOR CENTER,JEWISH COMMUNITY COUNCIL OF GREATER CONEY ISLAND I,2298 West 8th Street,BROOKLYN,11223,718-373-6161 
NEIGHBORHOOD SENIOR CENTE,21F01,RED HOOK NEIGHBORHOOD SENIOR CENTER,SPANISH SPEAKING ELDERLY COUNCIL RAICES INC.,120 West 9th Street,BROOKLYN,11231,718-269-0519 
NEIGHBORHOOD SENIOR CENTE,21H01,ROSETTA GASTON NEIGHBORHOOD SENIOR CTR,WAYSIDE OUT-REACH DEVELOPMENT INC ,460  DUMONT AVENUE ,BROOKLYN,11212,718-345-5665 
NEIGHBORHOOD SENIOR CENTE,21J01,TILDEN NEIGHBORHOOD SENIOR CENTER,WAYSIDE OUT-REACH DEVELOPMENT INC ,630  MOTHER GASTON BLVD  ,BROOKLYN ,11212,718-498-2990 
NEIGHBORHOOD SENIOR CENTE,21K01,BLENMAN NEIGHBORHOOD SENIOR CENTER,FORT GREENE COUNCIL ,720 EAST NEW YORK AVENUE,BROOKLYN,11203,718-773-7400 
NEIGHBORHOOD SENIOR CENTE,21N01,HUGH GILROY NEIGHBORHOOD SENIOR CENTER,FORT GREENE COUNCIL ,"447 Kingsborough, 4th Walk",BROOKLYN,11233,718-756-8400 
NEIGHBORHOOD SENIOR CENTE,21P01,WILLOUGHBY NEIGHBORHOOD SENIOR CTR,FORT GREENE COUNCIL ,105 North Portland Avenue,BROOKLYN,11205,718-875-1011 
NEIGHBORHOOD SENIOR CENTE,21Q01,WYCKOFF GARDENS NEIGHBORHOOD SENIOR CTR,SPANISH SPEAKING ELDERLY COUNCIL RAICES INC.,280 WYCKOFF STREET,BROOKLYN,11217,718-237-1802 
NEIGHBORHOOD SENIOR CENTE,21T01,VAN DYKE NEIGHBORHOOD SENIOR CENTER,WAYSIDE OUT-REACH DEVELOPMENT INC ,430 DUMONT AVENUE,BROOKLYN,11212,718-385-1110 
NEIGHBORHOOD SENIOR CENTE,21U01,STUYVESANT HEIGHTS NEIGHBORHOOD SC,FORT GREENE COUNCIL ,562-574 MADISON STREET,BROOKLYN,11221,718-230-0824 
NEIGHBORHOOD SENIOR CENTE,22401,OCEAN PARKWAY NEIGHBORHOOD SENIOR CENTER,JEWISH COMMUNITY COUNCIL OF GREATER CONEY ISLAND I,1960 EAST 7TH STREET,BROOKLYN,11223,718-449-5000 
NEIGHBORHOOD SENIOR CENTE,22501,MIDWOOD NEIGHBORHOOD SENIOR CENTER,BERGEN BASIN COMMUNITY DEVELOPMENT CORPORATION DBA,2164 RALPH AVENUE,BROOKLYN,11234,718-253-5557 
NEIGHBORHOOD SENIOR CENTE,22502,MILL BASIN NEIGHBORHOOD SENIOR CENTER,BERGEN BASIN COMMUNITY DEVELOPMENT CORPORATION DBA,2075 EAST 68TH STREET,BROOKLYN,11234,718-444-3850 
NEIGHBORHOOD SENIOR CENTE,22801,CCNS NARROWS NEIGHBORHOOD SR CTR,CATHOLIC CHARITIES NEIGHBORHOOD SERVICES INC,933 54TH STREET,BROOKLYN,11219,718-232-2311 
NEIGHBORHOOD SENIOR CENTE,22A01,BENSONHURST NEIGHBORHOOD SENIOR CENTER,EDITH AND CARL MARKS JEWISH COMMUNITY HOUSE OF BEN,7802 BAY PARKWAY,BROOKLYN,11214,718-331-6800 
NEIGHBORHOOD SENIOR CENTE,22B01,SUNSET PARK NEIGHBORHOOD SENIOR CENTER,SUNSET PARK HEALTH COUNCIL INC d/b/a FAMILY HEALTH,4520 4TH AVENUE,BROOKLYN,11220,718-210-1050 
NEIGHBORHOOD SENIOR CENTE,22E01,YOUNG ISRAEL SR SERVICES NBH SR CTR,YOUNG ISRAEL PROGRAMS INC  ,1694 OCEAN AVENUE,BROOKLYN,11230,718-253-7800 
NEIGHBORHOOD SENIOR CENTE,22K01,CCNS ST LOUIS NEIGHBORHOOD SENIOR CENTER,CATHOLIC CHARITIES NEIGHBORHOOD SERVICES INC,230 KINGSTON AVENUE,BROOKLYN,11213,718-771-7945 
NEIGHBORHOOD SENIOR CENTE,22L01,SENIOR ALLIANCE NEIGHBORHOOD SENIOR CTR,THE JEWISH ASSOCIATION FOR SERVICES FOR THE AGED ,161 CORBIN PLACE,BROOKLYN,11235,718-646-4100 
NEIGHBORHOOD SENIOR CENTE,22M01,GRANT SQUARE NEIGHBORHOOD SENIOR CENTER,FORT GREENE COUNCIL ,19 Rogers Avenue,BROOKLYN,11216,718-363-3133 
NEIGHBORHOOD SENIOR CENTE,22N01,HOMECREST BENSONHURST NEIGHBORHOOD SR CT,HOMECREST COMMUNITY SERVICES INC ,7907 NEW UTRECHT AVENUE,BROOKLYN,11214,718-621-7960 
NEIGHBORHOOD SENIOR CENTE,22P01,VANDALIA NEIGHBORHOOD SENIOR CENTER,BERGEN BASIN COMMUNITY DEVELOPMENT CORPORATION DBA,47 VANDALIA AVENUE,BROOKLYN,11239,718-272-3949 
NEIGHBORHOOD SENIOR CENTE,22R01,ABE STARK NEIGHBORHOOD SENIOR CENTER,BERGEN BASIN COMMUNITY DEVELOPMENT CORPORATION DBA,10315 FARRAGUT ROAD,BROOKLYN,11236,718-272-9515 
NEIGHBORHOOD SENIOR CENTE,22T01,JAY-HARAMA NEIGHBORHOOD SENIOR CENTER,JEWISH COMMUNITY COUNCIL OF GREATER CONEY ISLAND I,2600 OCEAN AVENUE,BROOKLYN,11229,718-891-1110 
NEIGHBORHOOD SENIOR CENTE,22Y01,SAINT GABRIELS NEIGHBORHOOD SENIOR CTR,ST GABRIELS EPISCOPAL CHURCH  ,331 HAWTHORNE STREET,BROOKLYN,11225,718-773-4049 
NEIGHBORHOOD SENIOR CENTE,23201,MANHATTAN BEACH NEIGHBORHOOD SENIOR CTR,THE JEWISH ASSOCIATION FOR SERVICES FOR THE AGED ,60 WEST END AVENUE,BROOKLYN,11235,718-646-1118 
NEIGHBORHOOD SENIOR CENTE,23801,AMICO 59TH ST NEIGHBORHOOD SR CITIZENS C,AMERICAN ITALIAN COALITION OF ORGANIZATIONS INC AM,5901 13TH AVENUE,BROOKLYN,11219,718-972-1558 
NEIGHBORHOOD SENIOR CENTE,23B01,CCNS GLENWOOD NEIGHBORHOOD SENIOR CENTER,CATHOLIC CHARITIES NEIGHBORHOOD SERVICES INC,5701 AVENUE H,BROOKLYN,11234,718-241-7711 
NEIGHBORHOOD SENIOR CENTE,23C01,CCNS THE BAY NEIGHBORHOOD SENIOR CENTER,CATHOLIC CHARITIES NEIGHBORHOOD SERVICES INC,3643 NOSTRAND AVENUE,BROOKLYN,11229,718-648-2053 
NEIGHBORHOOD SENIOR CENTE,23E01,LUNA PARK NEIGHBORHOOD SENIOR CENTER,THE JEWISH ASSOCIATION FOR SERVICES FOR THE AGED ,2880 WEST 12TH STREET,BROOKLYN,11224,718-996-6666 
NEIGHBORHOOD SENIOR CENTE,23F01,TOMPKINS PARK NEIGHBORHOOD SENIOR CENTER,WAYSIDE OUT-REACH DEVELOPMENT INC ,550 GREENE AVENUE,BROOKLYN,11216,718-638-3000 
NEIGHBORHOOD SENIOR CENTE,23F02,ARMSTRONG SOCIAL CLUB,WAYSIDE OUT-REACH DEVELOPMENT INC ,360 NOSTRAND AVENUE,BROOKLYN,11216,718-638-3000 
NEIGHBORHOOD SENIOR CENTE,23G01,ALBANY NEIGHBORHOOD SENIOR CENTER,FORT GREENE COUNCIL ,196 ALBANY AVENUE,BROOKLYN,11213,718-773-2600 
NEIGHBORHOOD SENIOR CENTE,23H01,HAZEL BROOKS NEIGHBORHOOD SENIOR CENTER,FORT GREENE COUNCIL ,961 OCEAN AVENUE,BROOKLYN,11226,347-435-3287 
NEIGHBORHOOD SENIOR CENTE,23K01,CCNS PETE MCGUINNESS NEIGHBORHOOD SR CTR,CATHOLIC CHARITIES NEIGHBORHOOD SERVICES INC,715 LEONARD STREET,BROOKLYN,11222,718-383-1940 
NEIGHBORHOOD SENIOR CENTE,23L01,CCNS ST CHARLES NEIGHBORHOOD SENIOR CENT,CATHOLIC CHARITIES NEIGHBORHOOD SERVICES INC,55 PIERREPONT STREET,BROOKLYN,11201,718-855-0326 
NEIGHBORHOOD SENIOR CENTE,23R01,REMSEN NEIGHBORHOOD SENIOR CENTER,FORT GREENE COUNCIL ,3304 CLARENDON ROAD,BROOKLYN,11203,718-282-1259 
NEIGHBORHOOD SENIOR CENTE,23Y01,TERESA MOORE NEIGHBORHOOD SENIOR CENTER,FORT GREENE COUNCIL ,2702 LINDEN BLVD,BROOKLYN,11208,347-663-7770 
NEIGHBORHOOD SENIOR CENTE,24A01,ROUNDTABLE NEIGHBORHOOD SENIOR CENTER,RISEBORO COMMUNITY PARTNERSHIP INC,1175 GATES AVENUE,BROOKLYN,11221,718-443-1903 
NEIGHBORHOOD SENIOR CENTE,24A02,SARATOGA SQUARE SENIOR CENTER,RISEBORO COMMUNITY PARTNERSHIP INC,930  HALSEY STREET,BROOKLYN,11233,347-425-0676 
NEIGHBORHOOD SENIOR CENTE,24A03,BREVOORT SOCIAL CLUB,RISEBORO COMMUNITY PARTNERSHIP INC,280 RALPH AVENUE,BROOKLYN,11233,347-318-3383 
NEIGHBORHOOD SENIOR CENTE,24A04,STUYVESSANT GARDENS SOCIAL CLUB,RISEBORO COMMUNITY PARTNERSHIP INC,150 MALCOLM X BOULEVARD,BROOKLYN,11221,347-318-3313 
NEIGHBORHOOD SENIOR CENTE,24A05,Palmetto Gardens Social Club,RISEBORO COMMUNITY PARTNERSHIP INC,85 PALMETTO STREET,BROOKLYN,11221,718-676-0876 
NEIGHBORHOOD SENIOR CENTE,24H01,RIDGEWOOD BUSHWICK NEIGHBORHOOD SC,RISEBORO COMMUNITY PARTNERSHIP INC,319 STANHOPE STREET,BROOKLYN,11237,718-366-3038 
NEIGHBORHOOD SENIOR CENTE,24L01,BORINQUEN PLAZ NUTRITION NEIGHBORHOOD SC,RISEBORO COMMUNITY PARTNERSHIP INC,80 SEIGEL STREET,BROOKLYN,11206,718-732-6334 
NEIGHBORHOOD SENIOR CENTE,24P01,HOPE GARDENS MULTI SERVICE NSC,RISEBORO COMMUNITY PARTNERSHIP INC,195 LINDEN STREET,BROOKLYN,11221,718-455-1100 
NEIGHBORHOOD SENIOR CENTE,25W01,SHEUER HOUSE OF CI NEIGHBORHOOD SR CTR,THE JEWISH ASSOCIATION FOR SERVICES FOR THE AGED ,3601 SURF AVENUE,BROOKLYN,11224,718-373-3954 
NEIGHBORHOOD SENIOR CENTE,26301,BORO PARK NEIGHBORHOOD SENIOR CENTER,AGUDATH ISRAEL OF AMERICA COMMUNITY SERVICES INC ,5602 11TH AVENUE,BROOKLYN,11219,718-854-7430 
NEIGHBORHOOD SENIOR CENTE,26401,SHOREFRONT NEIGHBORHOOD SENIOR CENTER,THE JEWISH ASSOCIATION FOR SERVICES FOR THE AGED ,3300 CONEY ISLAND AVENUE,BROOKLYN,11235,718-646-1444 
NEIGHBORHOOD SENIOR CENTE,26601,JASA STARRETT CITY NEIGHBORHOOD SR CTR,THE JEWISH ASSOCIATION FOR SERVICES FOR THE AGED ,1540 VAN SICLEN AVENUE,BROOKLYN,11239,718-642-1010 
NEIGHBORHOOD SENIOR CENTE,26W01,WILLIAMSBURG NEIGHBORHOOD SENIOR CENTER,THE JEWISH ASSOCIATION FOR SERVICES FOR THE AGED ,202 GRAHAM AVENUE,BROOKLYN,11206,718-388-6865 
NEIGHBORHOOD SENIOR CENTE,27401,SR CITIZENS LEAGUE OF MIDWOOD NBH SR. CT,SENIOR CITIZENS LEAGUE OF FLATBUSH INC ,1625  OCEAN AVENUE,BROOKLYN,11230,718-253-0508 
NEIGHBORHOOD SENIOR CENTE,27801,LOS SURES DAVID SANTIAGO NEIGHBORHOOD SC,SOUTHSIDE UNITED HOUSING DEVELOPMENT FUND CORP ,201 SOUTH  4TH STREET,BROOKLYN,11211,718-384-2314 
NEIGHBORHOOD SENIOR CENTE,27802,SWINGING 60S SENIOR CENTER,SOUTHSIDE UNITED HOUSING DEVELOPMENT FUND CORP ,211 Ainslie Street,BROOKLYN,11211,718-963-3793 
NEIGHBORHOOD SENIOR CENTE,27W01,SHORE HILL NEIGHBORHOOD SENIOR CENTER,SUNSET PARK HEALTH COUNCIL INC d/b/a FAMILY HEALTH,9000 SHORE ROAD,BROOKLYN,11209,718-680-7689 
NEIGHBORHOOD SENIOR CENTE,27X01,BAY RIDGE NEIGHBORHOOD SENIOR CENTER,BAY RIDGE CENTER INC d/b/a BAY RIDGE CENTER,411 OVINGTON AVENUE,BROOKLYN,11209,718-748-0650 
NEIGHBORHOOD SENIOR CENTE,28301,HES NEIGHBORHOOD SENIOR CENTER,THE JEWISH ASSOCIATION FOR SERVICES FOR THE AGED ,9502 SEAVIEW AVENUE,BROOKLYN,11236,212-273-5270 
NEIGHBORHOOD SENIOR CENTE,28701,CYPRESS HILLS FULTON ST NBH SR CTZ CTR,CYPRESS HILLS-FULTON STREET SENIOR CITIZENS CENTER,3208 FULTON STREET,BROOKLYN,11208,718-235-0064 
NEIGHBORHOOD SENIOR CENTE,28703,CYPRESS HILLS FULTON ST NBH SR CTZ CTR,CYPRESS HILLS-FULTON STREET SENIOR CITIZENS CENTER,2049 FULTON STREET,BROOKLYN,11208,718-235-0064 
NEIGHBORHOOD SENIOR CENTE,28801,DORCHESTER NEIGHBORHOOD SR CITIZENS CTR,DORCHESTER SENIOR CITIZENS CENTER INC ,1419 DORCHESTER ROAD,BROOKLYN,11226,718-941-6700 
NEIGHBORHOOD SENIOR CENTE,28901,PARK SLOPE CENTER FOR SUCCESSFUL AGING,"HEIGHTS AND HILLS, INC. ",463A 7TH STREET,BROOKLYN,11215,718-832-3726 
NEIGHBORHOOD SENIOR CENTE,28D01,AMICO Eileen Dugan Neighborhood Senior Center,AMERICAN ITALIAN COALITION OF ORGANIZATIONS INC\AM,378 COURT STREET,BROOLYN,11231,718-596-1956 
NEIGHBORHOOD SENIOR CENTE,28K01,CCNS Riverway Innovative Senior Center,CATHOLIC CHARITIES NEIGHBORHOOD SERVICES INC,230 RIVERDALE AVENUE,BROOKLYN,11212,718-942-5345 
NEIGHBORHOOD SENIOR CENTE,29101,COUNCIL CENTER FOR SENIOR CITIZENS NSC,"BROOKLYN SECTION NATIONAL COUNCIL OF JEWISH WOMEN,",1001 QUENTIN ROAD,BROOKLYN,11223,718-627-7680 
NEIGHBORHOOD SENIOR CENTE,29701,SR CITIZENS LEAGUE OF FLATBUSH NBH SR CT,SENIOR CITIZENS LEAGUE OF FLATBUSH INC ,870 OCEAN PARKWAY,BROOKLYN,11230,718-438-7771 
NEIGHBORHOOD SENIOR CENTE,30501,ARC XVI FT WASHINGTON NSC,ARC XVI FORT WASHINGTON INC  ,4111 BROADWAY,NEW YORK,10033,212-781-5700 
NEIGHBORHOOD SENIOR CENTE,30A01,COTHOA LUNCHEON CLUB NEIGHBORHOOD SC,COTHOA LUNCHEON CLUB INC  ,2005 AMSTERDAM AVENUE,NEW YORK,10032,212-781-6580 
NEIGHBORHOOD SENIOR CENTE,30A04,Bethune Neighborhood Senior Center,COTHOA LUNCHEON CLUB INC  ,1970 AMSTERDAM AVENUE,NEW YORK,10032,646-918-7710 
NEIGHBORHOOD SENIOR CENTE,30B01,GRAND COALITION OF SENIORS NSC,GRAND STREET SETTLEMENT INC  ,80 PITT STREET,NEW YORK,10002,646-201-4251 
NEIGHBORHOOD SENIOR CENTE,30H01,NY CHINATOWN NEIGHBORHOOD SENIOR CENTER,CHINESE AMERICAN PLANNING COUNCIL INC,70 MULBERRY STREET,NEW YORK,10013,212-233-8930 
NEIGHBORHOOD SENIOR CENTE,30J01,STEIN NEIGHBORHOOD SENIOR CENTER,STEIN SENIOR CENTER INC,204 EAST 23RD STREET,NEW YORK,10010,646-395-8083 
NEIGHBORHOOD SENIOR CENTE,30L01,WASHINGTON HEIGHTS NEIGHBORHOOD SR CTR,WASHINGTON HEIGHTS COMMUNITY SERVICE INC ,650 WEST 187TH STREET,NEW YORK,10033,212-781-8331 
NEIGHBORHOOD SENIOR CENTE,30U01,DYCKMAN NEIGHBORHOOD SENIOR CENTER,NEW YORK FOUNDATION FOR SENIOR CITIZENS INC ,3754 10TH AVENUE,NEW YORK,10034,212-569-7790 
NEIGHBORHOOD SENIOR CENTE,30V01,GODDARD RIVERSIDE NEIGHBORHOOD SC,GODDARD-RIVERSIDE COMMUNITY CENTER ,593 COLUMBUS AVENUE,NEW YORK,10024,212-873-6600 
NEIGHBORHOOD SENIOR CENTE,30W01,JUDITH C WHITE NEIGHBORHOOD SENIOR CTR,"GREENWICH HOUSE, INC. ",27 BARROW STREET,NEW YORK,10014,212-242-4140 
NEIGHBORHOOD SENIOR CENTE,30X01,CITY HALL NEIGHBORHOOD SENIOR CENTER,HAMILTON MADISON HOUSE INC  ,100 GOLD STREET,NEW YORK,10038,212-788-5580 
NEIGHBORHOOD SENIOR CENTE,30Y01,LAGUARDIA NEIGHBORHOOD SENIOR CENTER,NEW YORK FOUNDATION FOR SENIOR CITIZENS INC ,280 CHERRY STREET,NEW YORK ,10002,212-732-3656 
NEIGHBORHOOD SENIOR CENTE,31201,CARTER BURDEN LUNCHEON CLUB NSC,"CARTER BURDEN NETWORK, INC.",451 EAST 74TH STREET,NEW YORK,10021,212-535-5235 
NEIGHBORHOOD SENIOR CENTE,31202,Carter Burden Roosevelt Island Neighborhood Senior,"CARTER BURDEN NETWORK, INC.",546 MAIN STREET,NEW YORK,10044,212-980-1888 
NEIGHBORHOOD SENIOR CENTE,31801,GAYLORD WHITE NEIGHBORHOOD SENIOR CENTER,UNION SETTLEMENT ASSOCIATION ,2029 SECOND AVENUE,NEW YORK,10029,212-828-6055 
NEIGHBORHOOD SENIOR CENTE,31D01,STANLEY ISAACS NEIGHBORHOOD SENIOR CTR,STANLEY M ISAACS NEIGHBORHOOD CENTER INC ,415 EAST 93RD STREET,NEW YORK,10128,212-666-4910 
NEIGHBORHOOD SENIOR CENTE,31G01,MORIAH OLDER ADULT LUNCHEON NSC,AGUDATH ISRAEL OF AMERICA COMMUNITY SERVICES INC ,90 BENNETT AVENUE,NEW YORK,10033,212-923-5715 
NEIGHBORHOOD SENIOR CENTE,31J01,JEFFERSON HOUSES NSC,UNION SETTLEMENT ASSOCIATION ,2205 FIRST AVENUE,NEW YORK,10029,212-828-6104 
NEIGHBORHOOD SENIOR CENTE,31J02,WASHINGTON LEXINGTON SENIOR CENTER,UNION SETTLEMENT ASSOCIATION ,1775 THIRD AVENUE,NEW YORK,10029,212-828-6104 
NEIGHBORHOOD SENIOR CENTE,31K01,WEINBERG CENTER FOR BALANCED LIVING,THE EDUCATIONAL ALLIANCE INC  ,197 EAST BROADWAY,NEW YORK,10002,646-395-4270 
NEIGHBORHOOD SENIOR CENTE,31U01,FIND AID COFFEEHOUSE NSC,FIND AID FOR THE AGED  ,331 WEST 42ND STREET,NEW YORK,10036,646-545-4621 
NEIGHBORHOOD SENIOR CENTE,31V01,FOOD BANK NEIGHBORHOOD SENIOR CENTER,FOOD BANK FOR NEW YORK CITY,252 WEST 116TH STREET,New York,10026,212-566-7855 
NEIGHBORHOOD SENIOR CENTE,31Y01,CENTER ON THE SQUARE NSC,"GREENWICH HOUSE, INC. ",20 WASHINGTON SQUARE NORTH,NEW YORK,10011,212-777-3555 
NEIGHBORHOOD SENIOR CENTE,32101,INDEPENDENCE PLAZA NEIGHBORHOOD SR CTR,"GREENWICH HOUSE, INC. ",310 GREENWICH STREET,NEW YORK,10013,212-267-0499 
NEIGHBORHOOD SENIOR CENTE,32301,EAST HARLEM NEIGHBORHOOD SENIOR CENTER,EAST HARLEM COUNCIL FOR HUMAN SERVICES INC ,150 EAST 121ST STREET,NEW YORK,10035,212-722-2205 
NEIGHBORHOOD SENIOR CENTE,32601,WEST 65TH STREET CENTER,GODDARD-RIVERSIDE COMMUNITY CENTER ,250 WEST 65th STREET,New York,10023,212-874-0860 
NEIGHBORHOOD SENIOR CENTE,32602,WEST 65TH STREET CENTER,GODDARD-RIVERSIDE COMMUNITY CENTER ,250 WEST 65th STREET,New York,10023,212-874-0860 
NEIGHBORHOOD SENIOR CENTE,32701,JACKIE ROBINSON NEIGHBORHOOD SENIOR CTR,CHARLES A WALBURG MULTI SERVICE ORGANIZATION INC ,1301 AMSTERDAM AVENUE,NEW YORK,10027,212-666-4910 
NEIGHBORHOOD SENIOR CENTE,32801,CANAAN NEIGHBORHOOD SENIOR CENTER,CANAAN BAPTIST CHURCH OF CHRIST ,1428 FIFTH AVENUE,NEW YORK,10035,212-876-2638 
NEIGHBORHOOD SENIOR CENTE,32B01,UNIVERSITY SETTLEMENT NSC,UNIVERSITY SETTLEMENT SOCIETY OF NEW YORK,189 ALLEN STREET,NEW YORK,10002,212-473-8217 
NEIGHBORHOOD SENIOR CENTE,32C01,RIVERSTONE SENIOR LIFE NSC,RIVERSTONE SENIOR LIFE SERVICES INC.,99 FORT WASHINGTON AVENUE,NEW YORK,10032,212-927-5600 
NEIGHBORHOOD SENIOR CENTE,32M01,ENCORE NEIGHBORHOOD SENIOR CENTER,ENCORE COMMUNITY SERVICES  ,239 WEST 49TH STREET,NEW YORK,10019,212-581-2910 
NEIGHBORHOOD SENIOR CENTE,32N01,JOHN PAUL II FRIENDSHIP NEIGHBORHOOD SC,POLISH & SLAVIC CENTER INC  ,103 EAST 7TH STREET,NEW YORK,10009,212-673-7704 
NEIGHBORHOOD SENIOR CENTE,32P01,LENOX HILL NEIGHBORHOOD SENIOR CENTER,LENOX HILL NEIGHBORHOOD HOUSE INC ,619 LEXINGTON AVENUE,NEW YORK,10022,212-308-1959 
NEIGHBORHOOD SENIOR CENTE,32R01,MOTT STREET NEIGHBORHOOD SENIOR CENTER,NEW YORK FOUNDATION FOR SENIOR CITIZENS INC ,180 MOTT STREET,NEW YORK,10012,212-966-5480 
NEIGHBORHOOD SENIOR CENTE,32T01,PSS HARLEM NEIGHBORHOOD SENIOR CENTER,PRESBYTERIAN SENIOR SERVICES  ,18 MT. MORRIS PARK WEST,NEW YORK,10027,212-222-3132 
NEIGHBORHOOD SENIOR CENTE,32T03,PSS MANHATTANVILLE SENIOR CENTER,PRESBYTERIAN SENIOR SERVICES  ,530 WEST 133RD STREET,NEW YORK,10027,212-862-5562 
NEIGHBORHOOD SENIOR CENTE,32W01,CARVER NEIGHBORHOOD SENIOR CENTER,INSTITUTE FOR THE PUERTO RICAN HISPANIC ELDERLY IN,55 EAST 102ND STREET,NEW YORK,10029,212-289-2708 
NEIGHBORHOOD SENIOR CENTE,32Y01,THE CENTER AT THE RED OAK NEIGHBR SR CTR,WEST SIDE FEDERATION FOR SENIOR AND SUPPORTIVE HOU,135 WEST 106TH STREET,NEW YORK,10025,646-214-2560 
NEIGHBORHOOD SENIOR CENTE,32Z01,OUR LADY OF POMPEII NSC,"GREENWICH HOUSE, INC. ",25 CARMINE STREET,NEW YORK,10014,212-989-3620 
NEIGHBORHOOD SENIOR CENTE,33201,CPC PROJECT OPEN DOOR NEIGHBORHOOD SC,CHINESE AMERICAN PLANNING COUNCIL INC,168 GRAND STREET,NEW YORK,10013,212-431-9026 
NEIGHBORHOOD SENIOR CENTE,33701,UJC ADULT LUNCHEON CLUB NSC,UNITED JEWISH COUNCIL OF THE EAST SIDE INC ,15 BIALYSTOKER PLACE,NEW YORK,10002,212-673-9328 
NEIGHBORHOOD SENIOR CENTE,33702,UJC Lillian Wald Houses Senior Center,UNITED JEWISH COUNCIL OF THE EAST SIDE INC ,12 AVENUE D,NEW YORK,10009,212-260-2731 
NEIGHBORHOOD SENIOR CENTE,33703,UJC Extended Services,UNITED JEWISH COUNCIL OF THE EAST SIDE INC ,465 Grand Street,NEW YORK,10002,212-233-6037 
NEIGHBORHOOD SENIOR CENTE,33W01,RAIN INWOOD NEIGHBORHOOD SENIOR CENTER,REGIONAL AID FOR INTERIM NEEDS INC ,84 VERMILYEA AVENUE,NEW YORK,10034,212-567-3200 
NEIGHBORHOOD SENIOR CENTE,34001,GOOD COMPANIONS NEIGHBORHOOD SENIOR CENT,HENRY STREET SETTLEMENT  ,334 MADISON STREET,NEW YORK,10002,212-349-2770 
NEIGHBORHOOD SENIOR CENTE,34101,CENTRAL HARLEM KENNEDY SR CTR,"CENTRAL HARLEM SENIOR CITIZENS CENTERS, INC.",2322 Third Avenue,NEW YORK,10037,212-926-4465 
NEIGHBORHOOD SENIOR CENTE,34103,Beatrice Lewis,"CENTRAL HARLEM SENIOR CITIZENS CENTERS, INC.",34 WEST 134TH STREET,NEW YORK,10037,212-289-9155 
NEIGHBORHOOD SENIOR CENTE,34901,HUDSON GUILD NEIGHBORHOOD CENTER,HUDSON GUILD  ,441 West 26th Street,NEW YORK,10011,212-760-9805 
NEIGHBORHOOD SENIOR CENTE,35001,BRC NEIGHBORHOOD SENIOR CENTER,BOWERY RESIDENTS COMMITTEE INC  ,30 DELANCEY STREET,NYC,10002,212-533-2020 
NEIGHBORHOOD SENIOR CENTE,35301,FIND WOODSTOCK NEIGHBORHOOD SENIOR CENTE,FIND AID FOR THE AGED  ,127  WEST 43RD STREET,NEW YORK,10036,212-874-0300 
NEIGHBORHOOD SENIOR CENTE,35A01,Hamilton Grange Neighborhood Senior Center,CONVENT AVENUE BAPTIST CHURCH  ,420 WEST 145TH STREET,NEW YORK,10031,212-862-4181 
NEIGHBORHOOD SENIOR CENTE,35B01,ARC Central Harlem Senior Center,ARC XVI FORT WASHINGTON INC  ,120 WEST 140TH STREET,NEW YORK,10039,212-781-5700 
NEIGHBORHOOD SENIOR CENTE,35B02,AP Randolph Senior Center,ARC XVI FORT WASHINGTON INC  ,108 West 146th Street,NEW YORK,10030,917-639-3054 
NEIGHBORHOOD SENIOR CENTE,36001,ABSW NEIGHBORHOOD SENIOR CENTER,ASSOCIATION OF BLACK SOCIAL WORKERS INC ,221 WEST 107TH STREET,NEW YORK,10025,212-749-8400 
NEIGHBORHOOD SENIOR CENTE,36B01,The Center at the Red Oak Neighborhood Senior Cent,WEST SIDE FEDERATION FOR SENIOR AND SUPPORTIVE HOU,135 WEST 106TH STREET,NEW YORK,10025,646-214-2560 
NEIGHBORHOOD SENIOR CENTE,37901,FIND CLINTON NEIGHBORHOOD SENIOR CENTER,FIND AID FOR THE AGED  ,530 West 55th Street,NEW YORK,10023,212-757-2026 
NEIGHBORHOOD SENIOR CENTE,39901,CORSI HOUSE NEIGHBORHOOD SENIOR CENTER,UNION SETTLEMENT ASSOCIATION ,307 East 116th Street,New York,10029,212-828-6756 
NEIGHBORHOOD SENIOR CENTE,40201,ROBERT COUCHE NEIGHBORHOOD SENIOR CEN,MERRILL PARK CIVIC ASSOCIATION OF SPRINGFIELD GARD,137-57 FARMERS BOULEVARD,SPRINGFIELD GAR,11434,718-978-8352 
NEIGHBORHOOD SENIOR CENTE,40301,RIDGEWOOD OLDER ADULT NEIGHBORHOOD SC,RIDGEWOOD OLDER ADULT CENTER AND SERVICES INC ,59-14 70TH AVENUE,RIDGEWOOD,11385,718-456-2000 
NEIGHBORHOOD SENIOR CENTE,40501,BROOKS MEMORIAL NSC,BROOKS SENIOR CENTER,143-22 109TH AVENUE,JAMAICA,11435,718-291-3955 
NEIGHBORHOOD SENIOR CENTE,40601,JSPOA FRIENDSHIP NSC,JAMAICA SERVICE PROGRAM FOR OLDER ADULTS INC ,92-47 165th STREET,JAMAICA,11433,718-657-6695 
NEIGHBORHOOD SENIOR CENTE,40901,FOREST HILLS NEIGHBORHOOD SENIOR CENTER,QUEENS COMMUNITY HOUSE INC. ,108-25 62ND DRIVE,FLUSHING,11375,718-699-1010 
NEIGHBORHOOD SENIOR CENTE,40902,FOREST HILLS NEIGHBORHOOD SENIOR CENTER,QUEENS COMMUNITY HOUSE INC. ,80-02 KEW GARDENS ROAD,KEW GARDENS,11415,718-699-1010 
NEIGHBORHOOD SENIOR CENTE,40B01,CCNS HOWARD BEACH NEIGHBORHOOD SC,CATHOLIC CHARITIES NEIGHBORHOOD SERVICES INC,155-55 CROSSBAY BOULEVARD,HOWARD BEACH,11414,718-738-8100 
NEIGHBORHOOD SENIOR CENTE,40C01,SUNNYSIDE COMMUNITY NSC,SUNNYSIDE COMMUNITY SERVICES INC ,43-31 39TH STREET,SUNNYSIDE,11104,929-335-7915 
NEIGHBORHOOD SENIOR CENTE,40M01,SELFHELP MASPETH NSC,SELFHELP COMMUNITY SERVICES INC ,69-61 GRAND AVENUE,MASPETH,11378,718-429-3636 
NEIGHBORHOOD SENIOR CENTE,40P01,ELMHURST JACKSON HEIGHTS NSC,INSTITUTE FOR THE PUERTO RICAN HISPANIC ELDERLY IN,75-01 BROADWAY,ELMHURST,11373,718-478-7171 
NEIGHBORHOOD SENIOR CENTE,40T01,QUEENSBRIDGE-RIIS NSC,JACOB A RIIS NEIGHBORHOOD SETTLEMENT ,10-25 41ST AVENUE,LONG ISLAND CIT,11101,718-784-7447 
NEIGHBORHOOD SENIOR CENTE,40U01,HANAC RAVENSWOOD NSC,"HANAC, INC. ",34-35 12TH STREET,ASTORIA,11106,718-786-1550 
NEIGHBORHOOD SENIOR CENTE,40X01,ROCKAWAY BLVD NSC,JAMAICA SERVICE PROGRAM FOR OLDER ADULTS INC ,123-10 143rd STREET,JAMAICA,11433,718-657-6752 
NEIGHBORHOOD SENIOR CENTE,40Z01,QUEENS VALLEY NSC,YOUNG ISRAEL PROGRAMS INC  ,141-55 77TH AVENUE,FLUSHING,11367,718-263-6995 
NEIGHBORHOOD SENIOR CENTE,41001,WAVECREST AND BAYSWATER NSC,YOUNG ISRAEL PROGRAMS INC  ,2716 HEALY AVENUE,FAR ROCKAWAY,11691,718-327-0297 
NEIGHBORHOOD SENIOR CENTE,41201,HANAC ANGELO PETROMELIS NSC,"HANAC, INC. ",13-28 123RD STREET,COLLEGE POINT,11356,718-961-0344 
NEIGHBORHOOD SENIOR CENTE,41301,ALLEN COMMUNITY NEIGHBORHOOD SENIOR CT,ALLEN AME CHURCH dba ALLEN COMMUNITY SENIOR CITIZE,166-01 LINDEN BOULEVARD,JAMAICA,11433,718-658-0980 
NEIGHBORHOOD SENIOR CENTE,41401,ALPHA PHI ALPHA NEIGHBORHOOD SENIOR CTR,ALPHA PHI ALPHA SENIOR CITIZENS CENTER INC ,220-01 LINDEN BOULEVARD,CAMBRIA HEIGHTS,11411,718-528-8238 
NEIGHBORHOOD SENIOR CENTE,41601,THE YOUNG ISRAEL OF FOREST HILLS NSC,YOUNG ISRAEL PROGRAMS INC  ,68-07 BURNS STREET,FOREST HILLS,11375,718-520-2305 
NEIGHBORHOOD SENIOR CENTE,41701,MIDDLE VILLAGE NEIGHBORHOOD SENIOR CT,RABBI ISRAEL MEYER HACOHEN RABBINICAL SEMINARY OF ,69-10 75th STREET,MIDDLE VILLAGE,11379,718-894-3441 
NEIGHBORHOOD SENIOR CENTE,41A01,KCS FLUSHING NSC,KOREAN COMMUNITY SERVICES OF METROPOLITAN NEW YORK,42-15 166TH STREET,FLUSHING,11358,718-886-8203 
NEIGHBORHOOD SENIOR CENTE,41G01,CCNS HILLCREST NEIGHBORHOOD SENIOR CTR,CATHOLIC CHARITIES NEIGHBORHOOD SERVICES INC,168-01 HILLSIDE AVENUE,JAMAICA,11432,718-287-7171 
NEIGHBORHOOD SENIOR CENTE,41H01,RAICES CORONA NEIGHBORHOOD SENIOR CENT,SPANISH SPEAKING ELDERLY COUNCIL RAICES INC.,107-24 CORONA AVENUE,CORONA,11368,718-458-7259 
NEIGHBORHOOD SENIOR CENTE,41Q01,WOODSIDE NEIGHBORHOOD SENIOR CENTER,"SAMARITAN DAYTOP VILLAGE, INC  ",50-37 NEWTOWN ROAD,WOODSIDE,11377,718-932-6916 
NEIGHBORHOOD SENIOR CENTE,41T01,KCS CORONA NEIGHBORHOOD SENIOR CENTER,KOREAN COMMUNITY SERVICES OF METROPOLITAN NEW YORK,37-06 111TH STREET,CORONA,11368,718-651-9220 
NEIGHBORHOOD SENIOR CENTE,41U01,ROY REUTHER NSC,THE JEWISH ASSOCIATION FOR SERVICES FOR THE AGED ,711C SEAGIRT AVENUE,FAR ROCKAWAY,11691,718-471-3110 
NEIGHBORHOOD SENIOR CENTE,41Y01,CCNS OZONE PARK NSC,CATHOLIC CHARITIES NEIGHBORHOOD SERVICES INC,103-02 101ST AVENUE,OZONE PARK,11416,718-847-2100 
NEIGHBORHOOD SENIOR CENTE,41Z01,CCNS DELLAMONICA-STEINWAY NSC,CATHOLIC CHARITIES NEIGHBORHOOD SERVICES INC,23-56 BROADWAY,ASTORIA,11106,718-626-1500 
NEIGHBORHOOD SENIOR CENTE,42701,CCNS CATHERINE SHERIDAN NSC,CATHOLIC CHARITIES NEIGHBORHOOD SERVICES INC,35-24 83RD STREET,JACKSON HEIGHTS,11372,718-458-4600 
NEIGHBORHOOD SENIOR CENTE,42801,PETER CARDELLA NSC,PETER CARDELLA SENIOR CITIZEN CENTER INC ,68-52 FRESH POND ROAD,RIDGEWOOD,11385,718-497-2908 
NEIGHBORHOOD SENIOR CENTE,42U01,CCNS SEASIDE NSC,CATHOLIC CHARITIES NEIGHBORHOOD SERVICES INC,320 BEACH 94TH STREET,ROCKAWAY,11693,347-926-4119 
NEIGHBORHOOD SENIOR CENTE,42Z01,ELMCOR LEFRAK NSC,ELMCOR YOUTH & ADULT ACTIVITIES INC ,95-18 NORTHERN BOULEVARD,JACKSON HEIGHTS,11372,718-271-1222 
NEIGHBORHOOD SENIOR CENTE,43101,SELFHELP CLEARVIEW NSC,SELFHELP COMMUNITY SERVICES INC ,208-11 26TH AVENUE,BAYSIDE,11360,718-224-7888 
NEIGHBORHOOD SENIOR CENTE,43301,BAYSIDE NEIGHBORHOOD SENIOR CENTER,CATHOLIC CHARITIES NEIGHBORHOOD SERVICES INC,221-15 HORACE HARDING EXPRESSWAY,BAYSIDE,11364,718-225-1144 
NEIGHBORHOOD SENIOR CENTE,43601,CCNS WOODHAVEN NSC,CATHOLIC CHARITIES NEIGHBORHOOD SERVICES INC,89-02 91ST STREET,JAMAICA,11421,718-847-9200 
NEIGHBORHOOD SENIOR CENTE,43701,REGO PARK NSC,QUEENS COMMUNITY HOUSE INC. ,93-29 QUEENS BOULEVARD,REGO PARK,11374,718-896-8511 
NEIGHBORHOOD SENIOR CENTE,43D01,SELFHELP LATIMER NST,SELFHELP COMMUNITY SERVICES INC ,34-30 137TH STREET,FLUSHING,11354,718-961-3660 
NEIGHBORHOOD SENIOR CENTE,43Q01,HOLLISWOOD NSC,THE JEWISH ASSOCIATION FOR SERVICES FOR THE AGED ,86-25 FRANCIS LEWIS BOULEVARD,JAMAICA,11427,718-454-6157 
NEIGHBORHOOD SENIOR CENTE,43Q02,JASA CLUB 76 SENIOR CENTER,THE JEWISH ASSOCIATION FOR SERVICES FOR THE AGED ,86-25 FRANCIS LEWIS BOULEVARD,JAMAICA,11427,212-712-0170 
NEIGHBORHOOD SENIOR CENTE,43Q03,JASA ONE STOP,THE JEWISH ASSOCIATION FOR SERVICES FOR THE AGED ,86 25 FRANCIS LEWIS BOULEVARD,JAMAICA,11427,212-864-7900 
NEIGHBORHOOD SENIOR CENTE,43S01,RAICES ASTORIA NEIGHBORHOOD SENIOR CTR,SPANISH SPEAKING ELDERLY COUNCIL RAICES INC.,21-21 30TH DRIVE,LONG ISLAND CIT,11102,718-726-9642 
NEIGHBORHOOD SENIOR CENTE,43U01,SAMUEL FIELD NEIGHBORHOOD SENIOR CENTER,SAMUEL FIELD YM & YWHA INC  ,58-20 LITTLE NECK PARKWAY,LITTLE NECK,11362,718-225-6750 
NEIGHBORHOOD SENIOR CENTE,44001,BROOKDALE NSC,THE JEWISH ASSOCIATION FOR SERVICES FOR THE AGED ,131 BEACH 19TH STREET,FAR ROCKAWAY,11691,718-471-3200 
NEIGHBORHOOD SENIOR CENTE,44301,ROCKAWAY PARK NSC,THE JEWISH ASSOCIATION FOR SERVICES FOR THE AGED ,106-20  Shore Front Parkway,ROCKAWAY PARK,11694,718-634-3044 
NEIGHBORHOOD SENIOR CENTE,44701,ELMCOR NSC,ELMCOR YOUTH & ADULT ACTIVITIES INC ,98-19 ASTORIA BOULEVARD,EAST ELMHURST,11369,718-457-9757 
NEIGHBORHOOD SENIOR CENTE,44D01,ROCHDALE NEIGHBORHOOD SENIOR CENTER,ROCHDALE VILLAGE SOCIAL SERVICES INC ,169-65 137TH AVENUE,JAMAICA,11434,718-525-2800 
NEIGHBORHOOD SENIOR CENTE,44J01,ALLEN AME CHURCH THEODORA JACKSON NSC,JAMAICA SERVICE PROGRAM FOR OLDER ADULTS INC ,92-47 165TH STREET,JAMAICA,11433,718-657-6618 
NEIGHBORHOOD SENIOR CENTE,44L01,SELFHELP AUSTIN STREET NSC,SELFHELP COMMUNITY SERVICES INC ,106-06 QUEENS BOULEVARD,FOREST HILLS,11375,718-520-8197 
NEIGHBORHOOD SENIOR CENTE,44U01,BROOKVILLE NSC,SERVICES NOW FOR ADULT PERSONS INC ,133-33 BROOKVILLE BOULEVARD,ROSEDALE,11422,718-525-8899 
NEIGHBORHOOD SENIOR CENTE,45701,NEWTOWN ITALIAN NSC,ITALIAN SENIOR CITIZENS CENTER INC.,83-20  QUEENS BOULEVARD,ELMHURST,11373,718-335-7272 
NEIGHBORHOOD SENIOR CENTE,46001,CORONA NEIGHBORHOOD SENIOR CENTER,INSTITUTE FOR THE PUERTO RICAN HISPANIC ELDERLY IN,10874 Roosevelt Ave,CORONA,11368,718-639-2000 
NEIGHBORHOOD SENIOR CENTE,47601,CPC NAN SHAN NSC,CHINESE AMERICAN PLANNING COUNCIL INC,133-14  41st Avenue,FLUSHING,11355,718-358-3030 
NEIGHBORHOOD SENIOR CENTE,49601,FLORENCE E. SMITH NSC,CORONA CONGREGATIONAL CHURCH  ,102-19 34TH AVENUE,CORONA,11368,718-899-0553 
NEIGHBORHOOD SENIOR CENTE,4A201,POMONOK NEIGHBORHOOD SENIOR CENTER,QUEENS COMMUNITY HOUSE INC. ,67-09 KISSENA BOULEVARD,FLUSHING,11367,718-591-3377 
NEIGHBORHOOD SENIOR CENTE,50201,ARROCHAR NEIGHBORHOOD SENIOR CENTER,STATEN ISLAND COMMUNITY SERVICES FRIENDSHIP CLUBS ,85 JEROME AVENUE,STATEN ISLAND,10305,718-720-6110 
NEIGHBORHOOD SENIOR CENTE,50601,GREAT KILLS NEIGHBORHOOD SENIOR CENTER,STATEN ISLAND COMMUNITY SERVICES FRIENDSHIP CLUBS ,11 SAMPSON AVENUE,STATEN ISLAND,10308,718-356-5050 
NEIGHBORHOOD SENIOR CENTE,50701,JCC SOUTH SHORE NEIGHBORHOOD SENIOR CT,JEWISH COMMUNITY CENTER OF STATEN ISLAND INC ,1297 ARTHUR KILL ROAD,STATEN ISLAND,10312,718-475-5283 
NEIGHBORHOOD SENIOR CENTE,50A01,TODT HILL NEIGHBORHOOD SENIOR CENTER,STATEN ISLAND COMMUNITY SERVICES FRIENDSHIP CLUBS ,184 SCHMIDTS LANE,STATEN ISLAND,10314,718-720-6110 
NEIGHBORHOOD SENIOR CENTE,50B01,MOUNT LORETTO NEIGHBORHOOD SENIOR CEN,STATEN ISLAND COMMUNITY SERVICES FRIENDSHIP CLUBS ,6581 HYLAN BOULEVARD,STATEN ISLAND,10309,718-984-8589 
NEIGHBORHOOD SENIOR CENTE,50R01,CASSIDY COLES NEIGHBORHOOD SENIOR CENT,COMMUNITY AGENCY FOR SENIOR CITIZENS INC ,125 CASSIDY PLACE,STATEN ISLAND,10301,718-273-6808 
NEIGHBORHOOD SENIOR CENTE,50R02,CASC ASSISTANCE,COMMUNITY AGENCY FOR SENIOR CITIZENS INC ,56 BAY STREET,STATEN ISLAND,10301,718-273-6808 
NEIGHBORHOOD SENIOR CENTE,53601,ANDERSON NEIGHBORHOOD SENIOR CENTER,"CATHOLIC CHARITIES OF STATEN ISLAND, INC.",120 ANDERSON AVENUE,STATEN ISLAND,10302,718-448-5757 
NEIGHBORHOOD SENIOR CENTE,53701,NEW LANE NEIGHBORHOOD SENIOR CENTER,COMMUNITY AGENCY FOR SENIOR CITIZENS INC ,70 NEW LANE,STATEN ISLAND,10305,718-448-5936 
NEIGHBORHOOD SENIOR CENTE,54001,STAPLETON NEIGHBORHOOD SENIOR CENTER,JEWISH COMMUNITY CENTER OF STATEN ISLAND INC ,189 GORDON STREET,STATEN ISLAND,10304,718-981-8828 
NEIGHBORHOOD SENIOR CENTE,54101,WEST BRIGHTON NEIGHBORHOOD SENIOR CENT,"CATHOLIC CHARITIES OF STATEN ISLAND, INC.",230 BROADWAY,STATEN ISLAND,10310,718-727-9763 
NORC SITES,N3401,STANLEY M ISAACS NORC,STANLEY M ISAACS NEIGHBORHOOD CENTER INC ,415 EAST 93RD STREET,NEW YORK,10128,212-360-7620 
NORC SITES,N3E01,ISABELLA GERIATRIC FT GEORGE VISTAS NORC,ISABELLA GERIATRIC CENTER INC  ,17 FT. GEORGE HILL,NEW YORK,10040,212-304-1064 
NORC SITES,N3E02,EL CORAZON NNORC,ISABELLA GERIATRIC CENTER INC  ,4026 BROADWAY,NEW YORK,10032,212-342-9617 
NORC SITES,N3E03,ISABELLA GERIATRIC RIVER TERRACE NORC,ISABELLA GERIATRIC CENTER INC  ,156-20 Riverside Drive West,NEW YORK,10032,646-230-8530 
NORC SITES,N4801,SELFHELP FRESH MEADOWS NORC,SELFHELP COMMUNITY SERVICES INC ,67-00 192  STREET,FRESH MEADOWS,11365,718-454-6288 
OTHER SATELLITE,12T02,JASA EINSTEIN SENIOR CENTER,THE JEWISH ASSOCIATION FOR SERVICES FOR THE AGED ,135 EINSTEIN LOOP,BRONX,10475,718-379-2702 
OTHER SATELLITE,18202,Patterson Houses Senior Center,EAST SIDE HOUSE INC  ,308 EAST 145TH STREET,BRONX,10451,718-993-5146 
OTHER SATELLITE,21602,FARRAGUT SENIOR CENTER,SPANISH SPEAKING ELDERLY COUNCIL RAICES INC.,228 YORK STREET,BROOKLYN,11201,718-422-1069 
OTHER SATELLITE,21603,RAICES GOWANUS SENIOR CENTER,SPANISH SPEAKING ELDERLY COUNCIL RAICES INC.,420 BALTIC STREET,BROOKLYN,11201,718-797-2472 
OTHER SATELLITE,30A02,Polo Grounds,COTHOA LUNCHEON CLUB INC  ,2965 EIGHTH AVENUE,NEW YORK,10039,212-283-5475 
SOCIAL CLUB,12E02,Fort Independence Social Club,CHILD DEVELOPMENT CENTER OF THE MOSHOLU-MONTEFIORE,3340 BAILEY AVENUE,BRONX,10463,718-796-2950 
SOCIAL CLUB,20202,Marcus Garvey Social Club,FORT GREENE COUNCIL ,1440 E NEW YORK AVENUE,BROOKLYN,11212,718-346-7167 
SOCIAL CLUB,20203,SETH LOW SOCIAL CLUB,FORT GREENE COUNCIL ,137 BELMONT AVENUE,BROOKLYN,11212,718-485-4991 
SOCIAL CLUB,26W02,Cooper Park Social Club,THE JEWISH ASSOCIATION FOR SERVICES FOR THE AGED ,288 FROST STREET,BROOKLYN,11222,718-408-6328 
SOCIAL CLUB,30A03,Ralph J. Rangel Social Club,COTHOA LUNCHEON CLUB INC  ,159-36 HARLEM RIVER DRIVE,NEW YORK,10039,646-918-7570 
SOCIAL CLUB,32B02,MELTZER TOWER SOCIAL CLUB,UNIVERSITY SETTLEMENT SOCIETY OF NEW YORK,94 EAST 1ST STREET,NEW YORK,10009,212-253-5624 
SOCIAL CLUB,32T02,KING TOWERS SOCIAL CLUB,PRESBYTERIAN SENIOR SERVICES  ,50 LENOX AVENUE,NEW YORK,10028,646-861-2077 
SOCIAL CLUB,32Y02,DOUGLAS SOCIAL CLUB,WEST SIDE FEDERATION FOR SENIOR AND SUPPORTIVE HOU,868 AMSTERDAM AVENUE,NEW YORK,10025,646-214-2560 
SOCIAL CLUB,34102,Saint Nicholas Social Club,"CENTRAL HARLEM SENIOR CITIZENS CENTERS, INC.",210 WEST 131ST STREET,NEW YORK,10001,646-678-4451 
SOCIAL SERVICES ONLY,15602,RAIN ONE STOP SERVICES FOR ELDERLY,REGIONAL AID FOR INTERIM NEEDS INC ,1380 METROPOLITAN AVENUE,BRONX,10462,718-239-4358 
SOCIAL SERVICES ONLY,15E02,Neighborhood SHOPP SNAP,THE NEIGHBORHOOD SELF-HELP BY OLDER PERSONS PROJEC,910 EAST 172ND STREET,BRONX,10460,718-620-4650 
SOCIAL SERVICES ONLY,20602,Polish and Slavic Extended Social Services,POLISH & SLAVIC CENTER INC  ,176 JAVA STREET,BROOKLYN,11222,718-383-3324 
SOCIAL SERVICES ONLY,28D02,AMICO Extended Services,AMERICAN ITALIAN COALITION OF ORGANIZATIONS INC\AM,138 BAY 20TH  STREET,BROOKLYN,11214,718-256-3445 
SOCIAL SERVICES ONLY,31203,BURDEN CENTER ON AGING,"CARTER BURDEN NETWORK, INC.",351 EAST 74TH STREET,NEW YORK,10021,212-879-7400 
TRANSPORTATION ONLY,53801,CASC TRANSPORTATION,COMMUNITY AGENCY FOR SENIOR CITIZENS INC ,56 BAY STREET,STATEN ISLAND,10301,718-981-6226 
