ProviderType,DFTA ID,ContractYear,SponsorName,ProgramName,DFTA Funded,BudgetPeriod,TotalBudgetAmount,ServicesBudgetAmount,Equipment+OneTimePaymentAmount
ELDER ABUSE SERVICES CONTRACTS,1.00E+1,2019,THE NEIGHBORHOOD SELF-HELP BY OLDER PERSONS PROJECT INC,SHOPP ELDER ABUSE BX 1-8,Y,07/01/2018 - 06/30/2019,492742,492742,0
ELDER ABUSE SERVICES CONTRACTS,2.00E+1,2019,JEWISH ASSOCIATION FOR SERVICES FOR THE AGED,JASA ELDER ABUSE,Y,07/01/2018 - 06/30/2019,887080,887080,0
ELDER ABUSE SERVICES CONTRACTS,3.00E+2,2019,THE CARTER BURDEN CENTER FOR THE AGING INC d/b/a CARTER BURD,CARTER BURDEN ELDER ABUSE,Y,07/01/2018 - 06/30/2019,512130,512130,0
ELDER ABUSE SERVICES CONTRACTS,4.00E+1,2019,JEWISH ASSOCIATION FOR SERVICES FOR THE AGED,JASA ELDER ABUSE,Y,07/01/2018 - 06/30/2019,909666,909666,0
ELDER ABUSE SERVICES CONTRACTS,5.00E+1,2019,COMMUNITY AGENCY FOR SENIOR CITIZENS INC,CASC ELDER ABUSE,Y,07/01/2018 - 06/30/2019,345144,345144,0
ELDER ABUSE SERVICES CONTRACTS,62001,2019,WEILL MEDICAL COLLEGE OF CORNELL UNIVERSITY,ELDER ABUSE MULTIDISCIPLINARY TEAMS SERV,Y,07/01/2018 - 06/30/2019,1517106,1517106,0
ELDER ABUSE SERVICES CONTRACTS,64701,2019,WEILL MEDICAL COLLEGE OF CORNELL UNIVERSITY,Weill Cornell PROTECT,Y,07/01/2018 - 06/30/2019,315000,315000,0
CAREGIVER SERVICES CONTRACTS,1K101,2019,PRESBYTERIAN SENIOR SERVICES,PSS CAREGIVER SUPPORT PROGRAM,Y,07/01/2018 - 06/30/2019,772666,772666,0
CAREGIVER SERVICES CONTRACTS,1K401,2019,PRESBYTERIAN SENIOR SERVICES,PSS CAREGIVER PROGRAM,Y,07/01/2018 - 06/30/2019,772543,772543,0
CAREGIVER SERVICES CONTRACTS,2K201,2019,JEWISH ASSOCIATION FOR SERVICES FOR THE AGED,JASA BROOKLYN CAREGIVER RESPITE PROGRAM,Y,07/01/2018 - 06/30/2019,770495,770495,0
CAREGIVER SERVICES CONTRACTS,2K401,2019,HEIGHTS AND HILLS INC.,HEIGHTS AND HILL CAREGIVER PROGRAM,Y,07/01/2018 - 06/30/2019,770765,770765,0
CAREGIVER SERVICES CONTRACTS,4K101,2019,SUNNYSIDE COMMUNITY SERVICES INC,WQCN AT SUNNYSIDE COMMUNITY SERVICES,Y,07/01/2018 - 06/30/2019,771932,771932,0
CAREGIVER SERVICES CONTRACTS,4K301,2019,SERVICES NOW FOR ADULT PERSONS INC,CAREGIVER PROGRAM OF SNAP,Y,07/01/2018 - 06/30/2019,769814,769814,0
CAREGIVER SERVICES CONTRACTS,5K101,2019,JEWISH COMMUNITY CENTER OF STATEN ISLAND INC,JCC OF SI CAREGIVER SERVICES,Y,07/01/2018 - 06/30/2019,780920,780920,0
CAREGIVER SERVICES CONTRACTS,6K101,2019,HAMILTON MADISON HOUSE INC,HMH CAREGIVER SERVICES MANHATTAN,Y,07/01/2018 - 06/30/2019,774874,774874,0
CAREGIVER SERVICES CONTRACTS,6K301,2019,SERVICES AND ADVOCACY FOR GAYLESBIANBISEXUAL AND TRANSGEND,PARTNERS IN CARING AT SAGE,Y,07/01/2018 - 06/30/2019,767885,767885,0
CAREGIVER SERVICES CONTRACTS,6K501,2019,VISIONS/SERVICES FOR THE BLIND AND VISUALLY IMPAIRED,VISIONS CAREGIVER PROGRAM,Y,07/01/2018 - 06/30/2019,777001,777001,0
CASE MANAGEMENT SERVICES CONTRACTS,1M901,2019,THE NEIGHBORHOOD SELF-HELP BY OLDER PERSONS PROJECT INC,NEIGHBORHOOD SHOPP CASE MANAGEMENT BX-1,Y,07/01/2018 - 06/30/2019,2059111,2059111,0
CASE MANAGEMENT SERVICES CONTRACTS,1MA01,2019,REGIONAL AID FOR INTERIM NEEDS INC,RAIN CASE MANAGEMENT BX-2,Y,07/01/2018 - 06/30/2019,1999011,1999011,0
CASE MANAGEMENT SERVICES CONTRACTS,1MB01,2019,JEWISH ASSOCIATION FOR SERVICES FOR THE AGED,JASA CASE MANAGEMENT BX-03,Y,07/01/2018 - 06/30/2019,1657325,1657325,0
CASE MANAGEMENT SERVICES CONTRACTS,2ME01,2019,HEIGHTS AND HILLS INC.,HEIGHTS AND HILLS CASE MANAGEMENT BK-02,Y,07/01/2018 - 06/30/2019,2042911,2042911,0
CASE MANAGEMENT SERVICES CONTRACTS,2MF01,2019,RECREATION ROOMS AND SETTLEMENT INC,SPECIAL SVCS. FOR SR. CASE MANG. BK-3,Y,07/01/2018 - 06/30/2019,2065232,2065232,0
CASE MANAGEMENT SERVICES CONTRACTS,2MG01,2019,JEWISH ASSOCIATION FOR SERVICES FOR THE AGED,JASA CASE MANAGEMENT BK-4,Y,07/01/2018 - 06/30/2019,1764298,1761306,0
CASE MANAGEMENT SERVICES CONTRACTS,2MH01,2019,CATHOLIC CHARITIES NEIGHBORHOOD SERVICES INC,BENSON RIDGE CASE MANAGEMENT BK-5,Y,07/01/2018 - 06/30/2019,1591956,1591956,0
CASE MANAGEMENT SERVICES CONTRACTS,2MJ01,2019,JEWISH ASSOCIATION FOR SERVICES FOR THE AGED,JASA CASE MANAGEMENT BK-6,Y,07/01/2018 - 06/30/2019,1160619,1160619,0
CASE MANAGEMENT SERVICES CONTRACTS,2MK01,2019,JEWISH ASSOCIATION FOR SERVICES FOR THE AGED,JASA CASE MANAGEMENT BK-7,Y,07/01/2018 - 06/30/2019,1202288,1202288,0
CASE MANAGEMENT SERVICES CONTRACTS,2MP01,2019,RISEBORO COMMUNITY PARTNERSHIP INC,RIDGEWOOD BUSHWICK CASE MANAGEMENT BK-01,Y,07/01/2018 - 06/30/2019,1544982,1544982,0
CASE MANAGEMENT SERVICES CONTRACTS,3M801,2019,NEW YORK FOUNDATION FOR SENIOR CITIZENS INC,NEW YORK FOUNDATION CASE MANAGEMENT MN-1,Y,07/01/2018 - 06/30/2019,2748278,2738298,0
CASE MANAGEMENT SERVICES CONTRACTS,3M901,2019,SELFHELP COMMUNITY SERVICES INC,SELFHELP PROJECT CASE MANAGEMENT MN-2,Y,07/01/2018 - 06/30/2019,2640404,2640404,0
CASE MANAGEMENT SERVICES CONTRACTS,3MA01,2019,LENOX HILL NEIGHBORHOOD HOUSE INC,LENOX HILL CASE MANAGEMENT MN-3,Y,07/01/2018 - 06/30/2019,2292688,2292688,0
CASE MANAGEMENT SERVICES CONTRACTS,3MB01,2019,ISABELLA GERIATRIC CENTER INC,ISABELLA CASE MANAGEMENT MN-4,Y,07/01/2018 - 06/30/2019,1465330,1460758,0
CASE MANAGEMENT SERVICES CONTRACTS,4MB01,2019,SUNNYSIDE COMMUNITY SERVICES INC,SUNNYSIDE CASE MANAGEMENT,Y,07/01/2018 - 06/30/2019,2394276,2394276,0
CASE MANAGEMENT SERVICES CONTRACTS,4MD01,2019,QUEENS COMMUNITY HOUSE INC.,QUEENS COMM. HOUSE CASE MANAGEMENT QNS-3,Y,07/01/2018 - 06/30/2019,1538093,1538093,0
CASE MANAGEMENT SERVICES CONTRACTS,4ME01,2019,SELFHELP COMMUNITY SERVICES INC,SELFHELP PROJECT QUEENS,Y,07/01/2018 - 06/30/2019,1517222,1517222,0
CASE MANAGEMENT SERVICES CONTRACTS,4MF01,2019,CATHOLIC CHARITIES NEIGHBORHOOD SERVICES INC,SOUTHWEST QUEENS CASE MANAGEMENT-QN 5,Y,07/01/2018 - 06/30/2019,2172291,2172291,0
CASE MANAGEMENT SERVICES CONTRACTS,4MG01,2019,SERVICES NOW FOR ADULT PERSONS INC,SNAP CASE MANAGEMENT QNS-06,Y,07/01/2018 - 06/30/2019,1477831,1477831,0
CASE MANAGEMENT SERVICES CONTRACTS,4MH01,2019,JEWISH ASSOCIATION FOR SERVICES FOR THE AGED,JASA CASE MANAGEMENT-QN 7,Y,07/01/2018 - 06/30/2019,924826,924826,0
CASE MANAGEMENT SERVICES CONTRACTS,5M401,2019,COMMUNITY AGENCY FOR SENIOR CITIZENS INC,CASC CSMG,Y,07/01/2018 - 06/30/2019,2788344,2788344,0
CITY MEALS ADMINISTRATIVE SERVICES CONTRACTS,CM201,2019,CITYMEALS-ON-WHEELS,CITY MEALS-ON-WHEELS,Y,07/01/2018 - 06/30/2019,2024000,2024000,0
CITY MEALS ADMINISTRATIVE SERVICES CONTRACTS,CM601,2019,CITYMEALS-ON-WHEELS,CITYMEALS EMERGENCY MEALS AND FRIENDLY V,Y,07/01/2018 - 06/30/2019,1445966,1445966,0
GERIATRIC MENTAL HEALTH SERVICES CONTRACTS,1G701,2019,JEWISH ASSOCIATION FOR SERVICES FOR THE AGED,JASA MENTAL HEALTH,Y,07/01/2018 - 06/30/2019,223878,223878,0
GERIATRIC MENTAL HEALTH SERVICES CONTRACTS,3G101,2019,SERVICE PROGRAM FOR OLDER PEOPLE INC,SPOP MENTAL HEALTH,Y,07/01/2018 - 06/30/2019,309273,309273,0
GERIATRIC MENTAL HEALTH SERVICES CONTRACTS,4G801,2019,SAMUEL FIELD YM & YWHA INC,SAMUEL FIELD MENTAL HEALTH,Y,07/01/2018 - 06/30/2019,330274,330274,0
GERIATRIC MENTAL HEALTH SERVICES CONTRACTS,5G301,2019,WEILL MEDICAL COLLEGE OF CORNELL UNIVERSITY,WEILL CORNELL MENTAL HEALTH,Y,07/01/2018 - 06/30/2019,465800,465800,0
HOMECARE SERVICES CONTRACTS,1H501,2019,PERSONAL-TOUCH HOME CARE OF N.Y. INC.,PERSONAL TOUCH -BRONX,Y,07/01/2018 - 06/30/2019,7844541,7844541,0
HOMECARE SERVICES CONTRACTS,2HB01,2019,PERSONAL-TOUCH HOME CARE OF N.Y. INC.,PERSONAL TOUCH-BROOKLYN,Y,07/01/2018 - 06/30/2019,10334583,10334583,0
HOMECARE SERVICES CONTRACTS,3HD01,2019,NEW YORK FOUNDATION FOR SENIOR CITIZENS HOME ATTENDANT SERVI,NEW YORK FOUNDATION-MANHATTAN,Y,07/01/2018 - 06/30/2019,7157198,7157198,0
HOMECARE SERVICES CONTRACTS,4H701,2019,PEOPLE CARE INCORPORATED,PEOPLE CARE-QUEENS,Y,07/01/2018 - 06/30/2019,8669279,8669279,0
HOMECARE SERVICES CONTRACTS,5H601,2019,RICHMOND HOME NEED SERVICES INC,RICHMOND HOME NEEDS,Y,07/01/2018 - 06/30/2019,1239678,1234465,5213
HOME DELIVERED MEAL SERVICE CONTRACTS,15X01,2019,MID BRONX SENIOR CITIZENS COUNCIL INC,MID BRONX HOME DELIVERED MEALS,Y,07/01/2018 - 06/30/2019,2532629,2532629,0
HOME DELIVERED MEAL SERVICE CONTRACTS,15Y01,2019,REGIONAL AID FOR INTERIM NEEDS INC,RAIN HOME DELIVERED MEALS,Y,07/01/2018 - 06/30/2019,1547233,1458326,88907
HOME DELIVERED MEAL SERVICE CONTRACTS,15Z01,2019,REGIONAL AID FOR INTERIM NEEDS INC,RAIN HOME DELIVERED MEALS,Y,07/01/2018 - 06/30/2019,2128473,2021691,106782
HOME DELIVERED MEAL SERVICE CONTRACTS,27Y01,2019,JEWISH COMMUNITY COUNCIL OF GREATER CONEY ISLAND INC,JCCGCI HOME DELIVERED MEALS,Y,07/01/2018 - 06/30/2019,682254,631520,50734
HOME DELIVERED MEAL SERVICE CONTRACTS,29D01,2019,WAYSIDE OUT-REACH DEVELOPMENT INC,WAYSIDE HOME DELIVERED MEALS,Y,07/01/2018 - 06/30/2019,2292262,2163489,128773
HOME DELIVERED MEAL SERVICE CONTRACTS,2.90E+0,2019,JEWISH ASSOCIATION FOR SERVICES FOR THE AGED,JASA HOME DELIVERED MEALS,Y,07/01/2018 - 06/30/2019,2022105,1800848,221257
HOME DELIVERED MEAL SERVICE CONTRACTS,29F01,2019,BAY RIDGE CENTER INC d/b/a BAY RIDGE CENTER,BAYRIDGE HOME DELIVERED MEALS,Y,07/01/2018 - 06/30/2019,1448506,1380248,68258
HOME DELIVERED MEAL SERVICE CONTRACTS,29G01,2019,JEWISH ASSOCIATION FOR SERVICES FOR THE AGED,JASA HOME DELIVERED MEALS,Y,07/01/2018 - 06/30/2019,2108835,2000564,108271
HOME DELIVERED MEAL SERVICE CONTRACTS,29H01,2019,RISEBORO COMMUNITY PARTNERSHIP INC,RIDGEWOOD BUSHWICK HOME DELIVERED MEALS,Y,07/01/2018 - 06/30/2019,2138079,2035014,103065
HOME DELIVERED MEAL SERVICE CONTRACTS,29R01,2019,RISEBORO COMMUNITY PARTNERSHIP INC,RIDGEWOOD BUSHWICK HOME DELIVERED MEALS,Y,07/01/2018 - 06/30/2019,1777885,1690688,87197
HOME DELIVERED MEAL SERVICE CONTRACTS,36F01,2019,HENRY STREET SETTLEMENT,HENRY ST HOME DELIVERED MEALS,Y,07/01/2018 - 06/30/2019,3147518,2985747,161771
HOME DELIVERED MEAL SERVICE CONTRACTS,36G01,2019,ENCORE COMMUNITY SERVICES,ENCORE HOME DELIVERED MEALS,Y,07/01/2018 - 06/30/2019,2506577,2371005,135572
HOME DELIVERED MEAL SERVICE CONTRACTS,36H01,2019,STANLEY M ISAACS NEIGHBORHOOD CENTER INC,STANLEY ISAACS HOME DELIVERED MEALS,Y,07/01/2018 - 06/30/2019,2342204,2220177,122027
HOME DELIVERED MEAL SERVICE CONTRACTS,36J01,2019,CHARLES A WALBURG MULTI SERVICE ORGANIZATION INC,CHARLES WALBURG HOME DELIVERED MEALS,Y,07/01/2018 - 06/30/2019,1833591,1740284,93307
HOME DELIVERED MEAL SERVICE CONTRACTS,4.60E+0,2019,CATHOLIC CHARITIES NEIGHBORHOOD SERVICES INC,CCNS SWQ HOME DELIVERED MEALS PROGRAM,Y,07/01/2018 - 06/30/2019,2214666,2102363,112303
HOME DELIVERED MEAL SERVICE CONTRACTS,46G01,2019,JEWISH ASSOCIATION FOR SERVICES FOR THE AGED,JASA HOME DELIVERED MEALS,Y,07/01/2018 - 06/30/2019,833979,791758,42221
HOME DELIVERED MEAL SERVICE CONTRACTS,46H01,2019,CATHOLIC CHARITIES NEIGHBORHOOD SERVICES INC,CCNS HOME DELIVERED MEALS,Y,07/01/2018 - 06/30/2019,1244563,1182072,62491
HOME DELIVERED MEAL SERVICE CONTRACTS,46J01,2019,SERVICES NOW FOR ADULT PERSONS INC,SNAP HOME DELIVERED MEALS,Y,07/01/2018 - 06/30/2019,790312,750777,39535
HOME DELIVERED MEAL SERVICE CONTRACTS,46N01,2019,CATHOLIC CHARITIES NEIGHBORHOOD SERVICES INC,CCNS HOME DELIVERED MEALS,Y,07/01/2018 - 06/30/2019,1267317,1203278,64039
HOME DELIVERED MEAL SERVICE CONTRACTS,46P01,2019,PETER CARDELLA SENIOR CITIZEN CENTER INC,PETER CARDELLA HOME DELIVERED MEALS,Y,07/01/2018 - 06/30/2019,969205,909341,59864
HOME DELIVERED MEAL SERVICE CONTRACTS,46R01,2019,QUEENS COMMUNITY HOUSE INC.,QUEENS COMM HOUSE HOME DELIVERED MEALS,Y,07/01/2018 - 06/30/2019,1618786,1543917,74869
HOME DELIVERED MEAL SERVICE CONTRACTS,46S01,2019,CORONA CONGREGATIONAL CHURCH,FLORENCE E. SMITH HOME DELIVERED MEALS,Y,07/01/2018 - 06/30/2019,1255702,1188761,66941
HOME DELIVERED MEAL SERVICE CONTRACTS,55601,2019,MEALS ON WHEELS OF STATEN ISLAND INC,MEALS ON WHEELS OF S.I.,Y,07/01/2018 - 06/30/2019,3085607,2839970,245637
HOME DELIVERED MEAL SERVICE CONTRACTS,CM501,2019,CITYMEALS-ON-WHEELS,CITYMEALS WEEKEND MEALS,Y,07/01/2018 - 06/30/2019,37000,37000,0
LEGAL SERVICES CONTRACTS,1AA01,2019,LSNY-BRONX CORPORATION,LSNY BRONX,Y,07/01/2018 - 06/30/2019,250000,250000,0
LEGAL SERVICES CONTRACTS,20I01,2019,BROOKLYN LEGAL SERVICES INC,SOUTH BROOKLYN LEGAL SERVICES INC,Y,07/01/2018 - 06/30/2019,385001,385001,0
LEGAL SERVICES CONTRACTS,22D01,2019,LEGAL SERVICES NYC D/B/A LEGAL SERVICES FOR NEW YORK CITY AN,LEGAL SERVICES FOR NEW YORK CITY,Y,07/01/2018 - 06/30/2019,5000,5000,0
LEGAL SERVICES CONTRACTS,32V01,2019,MOBILIZATION FOR JUSTICE INC,MOBILIZATION FOR JUSTICE INC,Y,07/01/2018 - 06/30/2019,245000,245000,0
LEGAL SERVICES CONTRACTS,40A01,2019,JEWISH ASSOCIATION FOR SERVICES FOR THE AGED,JASA LEGAL SERVICES,Y,07/01/2018 - 06/30/2019,470000,470000,0
NATURALLY OCCURING RETIREMENT COMMUNITY CONTRACTS,1N301,2019,BRONX JEWISH COMMUNITY COUNCIL INC,BJCC PELHAM PARKWAY HOUSES NORC,Y,07/01/2018 - 06/30/2019,217897,217897,0
NATURALLY OCCURING RETIREMENT COMMUNITY CONTRACTS,1N302,2019,BRONX JEWISH COMMUNITY COUNCIL INC,BJCC HOLLAND AVENUE NORC,Y,07/01/2018 - 06/30/2019,237301,237301,0
NATURALLY OCCURING RETIREMENT COMMUNITY CONTRACTS,2N301,2019,SPRING CREEK SENIOR PARTNERS INC,SPRING CREEK NORC,Y,07/01/2018 - 06/30/2019,295548,295548,0
NATURALLY OCCURING RETIREMENT COMMUNITY CONTRACTS,N1101,2019,BRONX JEWISH COMMUNITY COUNCIL INC,BJCC AMALGAMATED PK RESEVOIR NORC,Y,07/01/2018 - 06/30/2019,216934,216934,0
NATURALLY OCCURING RETIREMENT COMMUNITY CONTRACTS,N1102,2019,BRONX JEWISH COMMUNITY COUNCIL INC,BRONX JEWISH COMMUNITY COUNCIL NORC,Y,07/01/2018 - 06/30/2019,298128,298128,0
NATURALLY OCCURING RETIREMENT COMMUNITY CONTRACTS,N1103,2019,BRONX JEWISH COMMUNITY COUNCIL INC,BJCC BAINBRIDGE AVENUE NORC,Y,07/01/2018 - 06/30/2019,69071,69071,0
NATURALLY OCCURING RETIREMENT COMMUNITY CONTRACTS,N1301,2019,CENTERLIGHT HEALTH SYSTEM INC.,BETH ABRAHAM PARKCHESTER ENHANCE NORC,Y,07/01/2018 - 06/30/2019,297540,297540,0
NATURALLY OCCURING RETIREMENT COMMUNITY CONTRACTS,N1701,2019,JEWISH ASSOCIATION FOR SERVICES FOR THE AGED,JASA CO OP CITY NORC,Y,07/01/2018 - 06/30/2019,349180,349180,0
NATURALLY OCCURING RETIREMENT COMMUNITY CONTRACTS,N1702,2019,JEWISH ASSOCIATION FOR SERVICES FOR THE AGED,JASA 1199 PLAZA NORC,Y,07/01/2018 - 06/30/2019,180000,180000,0
NATURALLY OCCURING RETIREMENT COMMUNITY CONTRACTS,N2101,2019,JEWISH ASSOCIATION FOR SERVICES FOR THE AGED,JASA TRUMPS UNITED NORC,Y,07/01/2018 - 06/30/2019,336447,336447,0
NATURALLY OCCURING RETIREMENT COMMUNITY CONTRACTS,N2102,2019,JEWISH ASSOCIATION FOR SERVICES FOR THE AGED,ROCHDALE VILLAGE NORC,Y,07/01/2018 - 06/30/2019,253000,253000,0
NATURALLY OCCURING RETIREMENT COMMUNITY CONTRACTS,N2201,2019,JEWISH ASSOCIATION FOR SERVICES FOR THE AGED,JASA WARBASSE CARES NORC,Y,07/01/2018 - 06/30/2019,227774,227774,0
NATURALLY OCCURING RETIREMENT COMMUNITY CONTRACTS,N2801,2019,JEWISH ASSOCIATION FOR SERVICES FOR THE AGED,JASA CONEY ISLAND ACTIVE AGING NORC,Y,07/01/2018 - 06/30/2019,128927,128927,0
NATURALLY OCCURING RETIREMENT COMMUNITY CONTRACTS,N2901,2019,JEWISH ASSOCIATION FOR SERVICES FOR THE AGED,JASA BUSHWICK HYLAND NORC,Y,07/01/2018 - 06/30/2019,245904,245904,0
NATURALLY OCCURING RETIREMENT COMMUNITY CONTRACTS,N2902,2019,JEWISH ASSOCIATION FOR SERVICES FOR THE AGED,JASA Roy Reuther NORC,Y,07/01/2018 - 06/30/2019,100000,100000,0
NATURALLY OCCURING RETIREMENT COMMUNITY CONTRACTS,N3001,2019,HAMILTON MADISON HOUSE INC,HAMILTON MADISON KNICKERBOCKER NORC,Y,07/01/2018 - 06/30/2019,275179,275179,0
NATURALLY OCCURING RETIREMENT COMMUNITY CONTRACTS,N3101,2019,THE EDUCATIONAL ALLIANCE INC,EDUCATIONAL ALLIANCE CO OP VILLAGE NORC,Y,07/01/2018 - 06/30/2019,298477,298477,0
NATURALLY OCCURING RETIREMENT COMMUNITY CONTRACTS,N3201,2019,MORNINGSIDE RETIREMENT & HEALTH SERVICES INC,MORNINGSIDE MRHS NORC,Y,07/01/2018 - 06/30/2019,230421,230421,0
NATURALLY OCCURING RETIREMENT COMMUNITY CONTRACTS,N3301,2019,PENN SOUTH SOCIAL SERVICES INC,PENN SOUTH NORC,Y,07/01/2018 - 06/30/2019,416971,407276.93,9694.07
NATURALLY OCCURING RETIREMENT COMMUNITY CONTRACTS,N3401,2019,STANLEY M ISAACS NEIGHBORHOOD CENTER INC,STANLEY M ISAACS NORC,Y,07/01/2018 - 06/30/2019,308654,308654,0
NATURALLY OCCURING RETIREMENT COMMUNITY CONTRACTS,N3501,2019,HENRY STREET SETTLEMENT,HENRY STREET VLADECK CARES NORC,Y,07/01/2018 - 06/30/2019,301128,301128,0
NATURALLY OCCURING RETIREMENT COMMUNITY CONTRACTS,N3801,2019,GODDARD-RIVERSIDE COMMUNITY CENTER,GODDARD RIVERSIDE WEST SIDE NORC,Y,07/01/2018 - 06/30/2019,153583,153583,0
NATURALLY OCCURING RETIREMENT COMMUNITY CONTRACTS,N3901,2019,UNION SETTLEMENT ASSOCIATION,UNION SETTLEMENT FRANKLIN PLAZA NORC,Y,07/01/2018 - 06/30/2019,296853,296853,0
NATURALLY OCCURING RETIREMENT COMMUNITY CONTRACTS,N3C01,2019,HAMILTON MADISON HOUSE INC,HAMILTON MADISON ALFRED SMITH HOUSESNORC,Y,07/01/2018 - 06/30/2019,282252,282252,0
NATURALLY OCCURING RETIREMENT COMMUNITY CONTRACTS,N3D01,2019,HUDSON GUILD,HUDSON GUILD ELLIOT CHELSEA NORC,Y,07/01/2018 - 06/30/2019,325917,325917,0
NATURALLY OCCURING RETIREMENT COMMUNITY CONTRACTS,N3E01,2019,ISABELLA GERIATRIC CENTER INC,ISABELLA GERIATRIC FT GEORGE VISTAS NORC,Y,07/01/2018 - 06/30/2019,198708,198708,0
NATURALLY OCCURING RETIREMENT COMMUNITY CONTRACTS,N3E02,2019,ISABELLA GERIATRIC CENTER INC,EL CORAZON NNORC,Y,07/01/2018 - 06/30/2019,129400,129400,0
NATURALLY OCCURING RETIREMENT COMMUNITY CONTRACTS,N3E03,2019,ISABELLA GERIATRIC CENTER INC,ISABELLA GERIATRIC RIVER TERRACE NORC,Y,07/01/2018 - 06/30/2019,100000,100000,0
NATURALLY OCCURING RETIREMENT COMMUNITY CONTRACTS,N3G01,2019,GODDARD-RIVERSIDE COMMUNITY CENTER,LINCOLN SQUARE NORC,Y,07/01/2018 - 06/30/2019,284547,284547,0
NATURALLY OCCURING RETIREMENT COMMUNITY CONTRACTS,N4101,2019,SAMUEL FIELD YM & YWHA INC,SAMUEL FIELD Y CLEARVIEW GARDENS NORC,Y,07/01/2018 - 06/30/2019,250825,250825,0
NATURALLY OCCURING RETIREMENT COMMUNITY CONTRACTS,N4201,2019,SELFHELP COMMUNITY SERVICES INC,SELFHELP BIG SIX NORC,Y,07/01/2018 - 06/30/2019,327635,327635,0
NATURALLY OCCURING RETIREMENT COMMUNITY CONTRACTS,N4301,2019,SELFHELP COMMUNITY SERVICES INC,SELFHELP QUEENSVIEW NORC,Y,07/01/2018 - 06/30/2019,336899,336899,0
NATURALLY OCCURING RETIREMENT COMMUNITY CONTRACTS,N4401,2019,SAMUEL FIELD YM & YWHA INC,SAMUEL FIELD Y DEEPDALE GARDENS NORC,Y,07/01/2018 - 06/30/2019,269630,269630,0
NATURALLY OCCURING RETIREMENT COMMUNITY CONTRACTS,N4402,2019,SAMUEL FIELD YM & YWHA INC,NORC WITHOUT WALLS,Y,07/01/2018 - 06/30/2019,162000,162000,0
NATURALLY OCCURING RETIREMENT COMMUNITY CONTRACTS,N4501,2019,QUEENS COMMUNITY HOUSE INC.,FOREST HILLS COMMUNITY HOUSE NORC,Y,07/01/2018 - 06/30/2019,237807,237807,0
NATURALLY OCCURING RETIREMENT COMMUNITY CONTRACTS,N4601,2019,HANAC INC.,HANAC RAVENSWOOD NORC,Y,07/01/2018 - 06/30/2019,330586,330586,0
NATURALLY OCCURING RETIREMENT COMMUNITY CONTRACTS,N4801,2019,SELFHELP COMMUNITY SERVICES INC,SELFHELP FRESH MEADOWS NORC,Y,07/01/2018 - 06/30/2019,317297,317297,0
NEW YORK CONNECTS CONTRACTS,1C301,2019,THE NEIGHBORHOOD SELF-HELP BY OLDER PERSONS PROJECT INC,NEIGHBORHOOD SHOPP NY CONNECTS,Y,07/01/2018 - 03/31/2019,525253,525253,0
NEW YORK CONNECTS CONTRACTS,2C301,2019,JEWISH ASSOCIATION FOR SERVICES FOR THE AGED,JASA NY CONNECTS,Y,07/01/2018 - 03/31/2019,516733,516733,0
NEW YORK CONNECTS CONTRACTS,3C201,2019,NEW YORK FOUNDATION FOR SENIOR CITIZENS INC,NY FOUNDATION NY CONNECTS,Y,07/01/2018 - 06/30/2019,374762,374762,0
NEW YORK CONNECTS CONTRACTS,3C301,2019,NEW YORK FOUNDATION FOR SENIOR CITIZENS INC,NY FOUNDATION NY CONNECTS,Y,07/01/2018 - 06/30/2019,508209,508209,0
NEW YORK CONNECTS CONTRACTS,4C301,2019,SELFHELP COMMUNITY SERVICES INC,SELFHELP NY CONNECTS,Y,07/01/2018 - 03/31/2019,518416,512748,0
NEW YORK CONNECTS CONTRACTS,5C301,2019,COMMUNITY AGENCY FOR SENIOR CITIZENS INC,CASC NY CONNECTS,Y,07/01/2018 - 03/31/2019,323749,323749,0
SENIOR CENTER CONTRACTS,35C02,2019,CENTRAL HARLEM SENIOR CITIZENS CENTERS INC.,Saint Nicholas Social Club,Y,07/01/2018 - 06/30/2019,289304,289304,0
SENIOR CENTER CONTRACTS,64601,2019,SERVICES AND ADVOCACY FOR GAYLESBIANBISEXUAL AND TRANSGEND,SAGE Innovative Senior Center,Y,07/01/2018 - 12/31/2018,414000,414000,0
SENIOR CENTER CONTRACTS,64901,2019,SERVICES AND ADVOCACY FOR GAYLESBIANBISEXUAL AND TRANSGEND,SAGE Innovative Senior Center,Y,01/01/2019 - 06/30/2019,414000,414000,0
SENIOR CENTER CONTRACTS,36201,2019,UNITED JEWISH COUNCIL OF THE EAST SIDE INC,UJC Adult Luncheon Club Neighborhood Senior Center,Y,07/01/2018 - 06/30/2019,588313,588313,0
SENIOR CENTER CONTRACTS,36301,2019,UNIVERSITY SETTLEMENT SOCIETY OF NEW YORK,University Settlement Neighborhood Senior Center,Y,07/01/2018 - 06/30/2019,478675,478675,0
SENIOR CENTER CONTRACTS,30Q01,2019,BOWERY RESIDENTS COMMITTEE INC,BRC Neighborhood Senior Center,Y,07/01/2018 - 06/30/2019,589829,589172,657
SENIOR CENTER CONTRACTS,33A01,2019,THE EDUCATIONAL ALLIANCE INC,Weinberg Center for Balanced Living,Y,07/01/2018 - 06/30/2019,805601,801801,3800
SENIOR CENTER CONTRACTS,33V01,2019,GRAND STREET SETTLEMENT INC,Grand Coalition of Seniors Neighborhood Senior Center,Y,07/01/2018 - 06/30/2019,529715,529715,0
SENIOR CENTER CONTRACTS,34801,2019,HENRY STREET SETTLEMENT,Good Companions Neighborhood Senior Center,Y,07/01/2018 - 06/30/2019,861938,861938,0
SENIOR CENTER CONTRACTS,34Q01,2019,NEW YORK FOUNDATION FOR SENIOR CITIZENS INC,LaGuardia Neighborhood Senior Center,Y,07/01/2018 - 06/30/2019,556221,547986,0
SENIOR CENTER CONTRACTS,3.50E+0,2019,THE EDUCATIONAL ALLIANCE INC,Sirovich Innovative Senior Center,Y,07/01/2018 - 06/30/2019,2612665,1186265,1426400
SENIOR CENTER CONTRACTS,36302,2019,UNIVERSITY SETTLEMENT SOCIETY OF NEW YORK,Meltzer Tower Social Club,Y,07/01/2018 - 06/30/2019,272533,269233,0
SENIOR CENTER CONTRACTS,36202,2019,UNITED JEWISH COUNCIL OF THE EAST SIDE INC,UJC Lillian Wald Houses Senior Center,Y,07/01/2018 - 06/30/2019,244432,244432,0
SENIOR CENTER CONTRACTS,34S01,2019,POLISH & SLAVIC CENTER INC,John Paul II Friendship Neighborhood Senior Center,Y,07/01/2018 - 06/30/2019,345240,345240,0
SENIOR CENTER CONTRACTS,33401,2019,STEIN SENIOR CENTER INC,Stein Neighborhood Senior Center,Y,07/01/2018 - 06/30/2019,866670,866670,0
SENIOR CENTER CONTRACTS,34A01,2019,HUDSON GUILD,Hudson Guild Neighborhood Center,Y,07/01/2018 - 06/30/2019,990066,990066,0
SENIOR CENTER CONTRACTS,64501,2019,VISIONS/SERVICES FOR THE BLIND AND VISUALLY IMPAIRED,VISIONS Innovative Senior Center,Y,07/01/2018 - 12/31/2018,410308,410308,0
SENIOR CENTER CONTRACTS,64801,2019,VISIONS/SERVICES FOR THE BLIND AND VISUALLY IMPAIRED,VISIONS Innovative Senior Center,Y,01/01/2019 - 06/30/2019,385308,385308,0
SENIOR CENTER CONTRACTS,33U01,2019,GREENWICH HOUSE INC.,Center on the Square Neighborhood Senior Center,Y,07/01/2018 - 06/30/2019,602154,602154,0
SENIOR CENTER CONTRACTS,34R01,2019,NEW YORK FOUNDATION FOR SENIOR CITIZENS INC,Mott Street Neighborhood Senior Center,Y,07/01/2018 - 06/30/2019,602147,560801,41346
SENIOR CENTER CONTRACTS,33X01,2019,GREENWICH HOUSE INC.,Independence Plaza Neighborhood Senior Center,Y,07/01/2018 - 06/30/2019,314050,314050,0
SENIOR CENTER CONTRACTS,32001,2019,CHINESE-AMERICAN PLANNING COUNCIL INC,NY Chinatown Neighborhood Senior Center,Y,07/01/2018 - 06/30/2019,910896,910896,0
SENIOR CENTER CONTRACTS,32201,2019,CHINESE-AMERICAN PLANNING COUNCIL INC,CPC Project Open Door Neighborhood Senior Center,Y,07/01/2018 - 06/30/2019,1307663,1307663,0
SENIOR CENTER CONTRACTS,33Y01,2019,GREENWICH HOUSE INC.,Judith C. White Neighborhood Senior Center,Y,07/01/2018 - 06/30/2019,599640,592693,6947
SENIOR CENTER CONTRACTS,33Z01,2019,GREENWICH HOUSE INC.,Our Lady of Pompeii Senior Center,Y,07/01/2018 - 06/30/2019,438570,431205,7365
SENIOR CENTER CONTRACTS,33L01,2019,ENCORE COMMUNITY SERVICES,Encore Neighborhood Senior Center,Y,07/01/2018 - 06/30/2019,906640,906640,0
SENIOR CENTER CONTRACTS,33N01,2019,FIND AID FOR THE AGED,FIND Clinton Neighborhood Senior Center,Y,07/01/2018 - 06/30/2019,435753,435753,0
SENIOR CENTER CONTRACTS,33K01,2019,LENOX HILL NEIGHBORHOOD HOUSE INC,Lenox Hill Innovative Senior Center,Y,07/01/2018 - 12/31/2018,553723,553723,0
SENIOR CENTER CONTRACTS,31701,2019,THE CARTER BURDEN CENTER FOR THE AGING INC d/b/a CARTER BURD,Carter Burden Luncheon Club Neighborhood Senior Center,Y,07/01/2018 - 06/30/2019,820803,665335,155468
SENIOR CENTER CONTRACTS,31702,2019,THE CARTER BURDEN CENTER FOR THE AGING INC d/b/a CARTER BURD,Carter Burden Roosevelt Island Neighborhood Senior Center,Y,07/01/2018 - 06/30/2019,394396,394396,0
SENIOR CENTER CONTRACTS,35K01,2019,LENOX HILL NEIGHBORHOOD HOUSE INC,Lenox Hill Innovative Senior Center,Y,01/01/2019 - 06/30/2019,475723,475723,0
SENIOR CENTER CONTRACTS,34M01,2019,LENOX HILL NEIGHBORHOOD HOUSE INC,Lenox Hill Neighborhood Senior Center,Y,07/01/2018 - 06/30/2019,505850,505850,0
SENIOR CENTER CONTRACTS,34N01,2019,GODDARD-RIVERSIDE COMMUNITY CENTER,West 65th Street Center,Y,07/01/2018 - 06/30/2019,377286,377286,0
SENIOR CENTER CONTRACTS,35F01,2019,FIND AID FOR THE AGED,FIND Aid Innovative Senior Center,Y,07/01/2018 - 06/30/2019,1120925,1106214,14711
SENIOR CENTER CONTRACTS,44F02,2019,JEWISH ASSOCIATION FOR SERVICES FOR THE AGED,JASA Club 76 Senior Center,Y,07/01/2018 - 06/30/2019,465924,465924,0
SENIOR CENTER CONTRACTS,33T01,2019,GODDARD-RIVERSIDE COMMUNITY CENTER,Goddard Riverside Neighborhood Senior Center,Y,07/01/2018 - 06/30/2019,508072,508072,0
SENIOR CENTER CONTRACTS,30P01,2019,ASSOCIATION OF BLACK SOCIAL WORKERS INC,ABSW Neighborhood Senior Center,Y,07/01/2018 - 06/30/2019,602553,602553,0
SENIOR CENTER CONTRACTS,36B01,2019,WEST SIDE FEDERATION FOR SENIOR AND SUPPORTIVE HOUSING INC,The Center at the Red Oak Neighborhood Senior Center,Y,07/01/2018 - 06/30/2019,567070,567070,0
SENIOR CENTER CONTRACTS,36B02,2019,WEST SIDE FEDERATION FOR SENIOR AND SUPPORTIVE HOUSING INC,Douglass Social Club,Y,07/01/2018 - 06/30/2019,266900,266900,0
SENIOR CENTER CONTRACTS,33S01,2019,FOOD BANK FOR NEW YORK CITY,Food Bank Neighborhood Senior Center,Y,07/01/2018 - 06/30/2019,436414,436414,0
SENIOR CENTER CONTRACTS,31T01,2019,CHARLES A WALBURG MULTI SERVICE ORGANIZATION INC,Jackie Robinson Neighborhood Senior Center,Y,07/01/2018 - 06/30/2019,389662,389662,0
SENIOR CENTER CONTRACTS,34T01,2019,PRESBYTERIAN SENIOR SERVICES,PSS Harlem Neighborhood Senior Center,Y,07/01/2018 - 06/30/2019,341794,341794,0
SENIOR CENTER CONTRACTS,34T03,2019,PRESBYTERIAN SENIOR SERVICES,PSS Manhattanville Senior Center,Y,07/01/2018 - 06/30/2019,391821,391821,0
SENIOR CENTER CONTRACTS,34Z01,2019,UNION SETTLEMENT ASSOCIATION,Corsi House Neighborhood Senior Center,Y,07/01/2018 - 06/30/2019,430766,430766,0
SENIOR CENTER CONTRACTS,35101,2019,UNION SETTLEMENT ASSOCIATION,Gaylord White Neighborhood Senior Center,Y,07/01/2018 - 06/30/2019,589194,589194,0
SENIOR CENTER CONTRACTS,35201,2019,UNION SETTLEMENT ASSOCIATION,Jefferson Houses Neighborhood Senior Center,Y,07/01/2018 - 06/30/2019,687040,687040,0
SENIOR CENTER CONTRACTS,35D01,2019,THE CARTER BURDEN CENTER FOR THE AGING INC d/b/a CARTER BURD,Carter Burden Innovative Senior Center,Y,07/01/2018 - 06/30/2019,1230606,1230606,0
SENIOR CENTER CONTRACTS,35D02,2019,THE CARTER BURDEN CENTER FOR THE AGING INC d/b/a CARTER BURD,Lehman Social Club,Y,07/01/2018 - 06/30/2019,273754,273754,0
SENIOR CENTER CONTRACTS,34H01,2019,INSTITUTE FOR THE PUERTO RICAN HISPANIC ELDERLY INC,Carver Neighborhood Senior Center,Y,07/01/2018 - 06/30/2019,505740,493975,11765
SENIOR CENTER CONTRACTS,35B01,2019,ARC XVI FORT WASHINGTON INC,ARC Central Harlem Senior Center,Y,07/01/2018 - 06/30/2019,507940,507292,648
SENIOR CENTER CONTRACTS,35B02,2019,ARC XVI FORT WASHINGTON INC,AP Randolph Senior Center,Y,07/01/2018 - 06/30/2019,565524,539917,643
SENIOR CENTER CONTRACTS,3AP01,2019,SERVICES AND ADVOCACY FOR GAYLESBIANBISEXUAL AND TRANSGEND,SAGE HARLEM,Y,07/01/2018 - 06/30/2019,307052,307052,0
SENIOR CENTER CONTRACTS,3AP03,2019,SERVICES AND ADVOCACY FOR GAYLESBIANBISEXUAL AND TRANSGEND,SAGE HARLEM,Y,07/01/2018 - 06/30/2019,346586,346586,0
SENIOR CENTER CONTRACTS,3AP04,2019,SERVICES AND ADVOCACY FOR GAYLESBIANBISEXUAL AND TRANSGEND,SAGE HARLEM,Y,07/01/2018 - 06/30/2019,270697,270697,0
SENIOR CENTER CONTRACTS,35A01,2019,CONVENT AVENUE BAPTIST CHURCH,Hamilton Grange Neighborhood Senior Center,Y,07/01/2018 - 06/30/2019,668575,668575,0
SENIOR CENTER CONTRACTS,34V01,2019,RIVERSTONE SENIOR LIFE SERVICES INC.,Riverstone Senior Life Neighborhood Senior Center,Y,07/01/2018 - 06/30/2019,579837,558378,21459
SENIOR CENTER CONTRACTS,32904,2019,COTHOA LUNCHEON CLUB INC,Bethune Neighborhood Senior Center,Y,07/01/2018 - 06/30/2019,499237,496042,0
SENIOR CENTER CONTRACTS,32901,2019,COTHOA LUNCHEON CLUB INC,Cothoa Luncheon Club Neighborhood Senior Center,Y,07/01/2018 - 06/30/2019,545852,529352,0
SENIOR CENTER CONTRACTS,30C01,2019,AGUDATH ISRAEL OF AMERICA COMMUNITY SERVICES INC,Moriah Older Adult Luncheon Neighborhood Senior Center,Y,07/01/2018 - 06/30/2019,462561,462561,0
SENIOR CENTER CONTRACTS,3.00E+0,2019,ARC XVI FORT WASHINGTON INC,ARC XVI Fort Washington Neighborhood Senior Center,Y,07/01/2018 - 06/30/2019,773451.6,757863,15588.6
SENIOR CENTER CONTRACTS,36A01,2019,WASHINGTON HEIGHTS COMMUNITY SERVICE INC,Washington Heights Neighborhood Senior Center,Y,07/01/2018 - 06/30/2019,1170751,711432,459319
SENIOR CENTER CONTRACTS,34U01,2019,REGIONAL AID FOR INTERIM NEEDS INC,RAIN Inwood Neighborhood Senior Center,Y,07/01/2018 - 06/30/2019,549902,549902,0
SENIOR CENTER CONTRACTS,34P01,2019,NEW YORK FOUNDATION FOR SENIOR CITIZENS INC,Dyckman Neighborhood Senior Center,Y,07/01/2018 - 06/30/2019,426706,422539,4167
SENIOR CENTER CONTRACTS,30R01,2019,CANAAN BAPTIST CHURCH OF CHRIST,Canaan Neighborhood Senior Center,Y,07/01/2018 - 06/30/2019,573673,573673,0
SENIOR CENTER CONTRACTS,32U01,2019,EAST HARLEM COUNCIL FOR HUMAN SERVICES INC,East Harlem Neighborhood Senior Center,Y,07/01/2018 - 06/30/2019,655157,651434,0
SENIOR CENTER CONTRACTS,33P01,2019,FIND AID FOR THE AGED,FIND Aid Coffeehouse Neighborhood Senior Center,Y,07/01/2018 - 06/30/2019,682384,676935.85,5448.15
SENIOR CENTER CONTRACTS,33R01,2019,FIND AID FOR THE AGED,FIND Woodstock Neighborhood Senior Center,Y,07/01/2018 - 06/30/2019,857757,853578.06,4178.94
SENIOR CENTER CONTRACTS,35C01,2019,CENTRAL HARLEM SENIOR CITIZENS CENTERS INC.,Central Harlem Kennedy Senior Center,Y,07/01/2018 - 06/30/2019,714810,714810,0
SENIOR CENTER CONTRACTS,35C03,2019,CENTRAL HARLEM SENIOR CITIZENS CENTERS INC.,Beatrice Lewis,Y,07/01/2018 - 06/30/2019,573055,573055,0
SENIOR CENTER CONTRACTS,34701,2019,HAMILTON MADISON HOUSE INC,City Hall Neighborhood Senior Center,Y,07/01/2018 - 06/30/2019,1294631,1194631,100000
SENIOR CENTER CONTRACTS,32902,2019,COTHOA LUNCHEON CLUB INC,Polo Grounds,Y,07/01/2018 - 06/30/2019,224867,224867,0
SENIOR CENTER CONTRACTS,33M01,2019,YM YWHA OF WASHINGTON HEIGHTS AND INWOOD INC,YM&YWHA Innovative Senior Center,Y,07/01/2018 - 12/31/2018,521758,521758,0
SENIOR CENTER CONTRACTS,35M01,2019,YM YWHA OF WASHINGTON HEIGHTS AND INWOOD INC,YM andYWHA Innovative Senior Center,Y,01/01/2019 - 06/30/2019,527949,516942,0
SENIOR CENTER CONTRACTS,34Y01,2019,STANLEY M ISAACS NEIGHBORHOOD CENTER INC,Stanley Isaacs Neighborhood Senior Center,Y,07/01/2018 - 06/30/2019,741538,741538,0
SENIOR CENTER CONTRACTS,55001,2019,COMMUNITY AGENCY FOR SENIOR CITIZENS INC,Cassidy Coles Neighborhood Senior Center,Y,07/01/2018 - 06/30/2019,579853,579853,0
SENIOR CENTER CONTRACTS,54601,2019,CATHOLIC CHARITIES OF STATEN ISLAND INC.,Anderson Neighborhood Senior Center,Y,07/01/2018 - 06/30/2019,488965,488965,0
SENIOR CENTER CONTRACTS,54701,2019,JEWISH COMMUNITY CENTER OF STATEN ISLAND INC,Stapleton Neighborhood Senior Center,Y,07/01/2018 - 06/30/2019,400259,400259,0
SENIOR CENTER CONTRACTS,54901,2019,COMMUNITY AGENCY FOR SENIOR CITIZENS INC,New Lane Neighborhood Senior Center,Y,07/01/2018 - 06/30/2019,525548,525548,0
SENIOR CENTER CONTRACTS,55201,2019,STATEN ISLAND COMMUNITY SERVICES FRIENDSHIP CLUBS INC,Arrochar Neighborhood Senior Center,Y,07/01/2018 - 06/30/2019,575135,570363,4772
SENIOR CENTER CONTRACTS,55101,2019,STATEN ISLAND COMMUNITY SERVICES FRIENDSHIP CLUBS INC,Great Kills Neighborhood Senior Center,Y,07/01/2018 - 06/30/2019,919143,911672,7471
SENIOR CENTER CONTRACTS,55401,2019,STATEN ISLAND COMMUNITY SERVICES FRIENDSHIP CLUBS INC,Mount Loretto Neighborhood Senior Center,Y,07/01/2018 - 06/30/2019,666211.08,661183,5028.08
SENIOR CENTER CONTRACTS,54501,2019,CATHOLIC CHARITIES OF STATEN ISLAND INC.,West Brighton Neighborhood Senior Center,Y,07/01/2018 - 06/30/2019,414862,414862,0
SENIOR CENTER CONTRACTS,54801,2019,JEWISH COMMUNITY CENTER OF STATEN ISLAND INC,JCC South Shore Neighborhood Senior Center,Y,07/01/2018 - 06/30/2019,512028,512028,0
SENIOR CENTER CONTRACTS,54401,2019,JEWISH COMMUNITY CENTER OF STATEN ISLAND INC,JCC of Staten Island Innovative Senior Center,Y,07/01/2018 - 12/31/2018,482094,482094,0
SENIOR CENTER CONTRACTS,57401,2019,JEWISH COMMUNITY CENTER OF STATEN ISLAND INC,JCC of Staten Island Innovative Senior Center,Y,01/01/2019 - 06/30/2019,491236,491236,0
SENIOR CENTER CONTRACTS,55301,2019,STATEN ISLAND COMMUNITY SERVICES FRIENDSHIP CLUBS INC,Todt Hill Neighborhood Senior Center,Y,07/01/2018 - 06/30/2019,403904,395124,8780
SENIOR CENTER CONTRACTS,14A01,2019,MID BRONX SENIOR CITIZENS COUNCIL INC,Concourse Plaza Wellness Neighborhood Senior Center,Y,07/01/2018 - 06/30/2019,711097,711097,0
SENIOR CENTER CONTRACTS,14L01,2019,PRESBYTERIAN SENIOR SERVICES,PSS Andrew Jackson Neighborhood Senior Center,Y,07/01/2018 - 06/30/2019,412082,407783,4299
SENIOR CENTER CONTRACTS,14L02,2019,PRESBYTERIAN SENIOR SERVICES,Morrisania Air Rights Social Club,Y,07/01/2018 - 06/30/2019,195513,195513,0
SENIOR CENTER CONTRACTS,14N01,2019,PRESBYTERIAN SENIOR SERVICES,PSS Highbridge Neighborhood Senior Center,Y,07/01/2018 - 06/30/2019,347744,347744,0
SENIOR CENTER CONTRACTS,13S01,2019,HOPE OF ISRAEL SENIOR CITIZENS CENTER INC,Hope of Israel Neighborhood Senior Center,Y,07/01/2018 - 06/30/2019,545303,545303,0
SENIOR CENTER CONTRACTS,13K01,2019,BRONXWORKS INC,Heights Neighborhood Senior Center,Y,07/01/2018 - 06/30/2019,464424,464424,0
SENIOR CENTER CONTRACTS,13G01,2019,BRONXWORKS INC,BronxWorks Innovative Senior Center,Y,07/01/2018 - 06/30/2019,495491,495491,0
SENIOR CENTER CONTRACTS,15G01,2019,BRONXWORKS INC,BronxWorks Innovative Senior Center,Y,01/01/2019 - 06/30/2019,498442,498442,0
SENIOR CENTER CONTRACTS,13Q01,2019,EAST SIDE HOUSE INC,Mitchell Neighborhood Senior Center,Y,07/01/2018 - 06/30/2019,306934,306934,0
SENIOR CENTER CONTRACTS,13R02,2019,EAST SIDE HOUSE INC,Patterson Houses Senior Center,Y,07/01/2018 - 06/30/2019,89200,89200,0
SENIOR CENTER CONTRACTS,13X01,2019,INSTITUTE FOR THE PUERTO RICAN HISPANIC ELDERLY INC,Betances Neighborhood Senior Center,Y,07/01/2018 - 06/30/2019,622807,542642,80165
SENIOR CENTER CONTRACTS,13R01,2019,EAST SIDE HOUSE INC,Melrose Mott Haven Neighborhood Senior Center,Y,07/01/2018 - 06/30/2019,496375,496375,0
SENIOR CENTER CONTRACTS,13L01,2019,BRONXWORKS INC,E. Roberts Moore Neighborhood Senior Center,Y,07/01/2018 - 06/30/2019,335782,335782,0
SENIOR CENTER CONTRACTS,14H01,2019,THE NEIGHBORHOOD SELF-HELP BY OLDER PERSONS PROJECT INC,Neighborhood SHOPP Leon Neighborhood Senior Center,Y,07/01/2018 - 06/30/2019,524010,524010,0
SENIOR CENTER CONTRACTS,13V01,2019,INSTITUTE FOR THE PUERTO RICAN HISPANIC ELDERLY INC,Arturo Schomburg Neighborhood Senior Center,Y,07/01/2018 - 06/30/2019,468661,468661,0
SENIOR CENTER CONTRACTS,15B01,2019,WILLIAM HODSON COMMUNITY CENTER INC,William Hodson Neighborhood Senior Center,Y,07/01/2018 - 06/30/2019,551004,551004,0
SENIOR CENTER CONTRACTS,14B01,2019,THE NEIGHBORHOOD SELF-HELP BY OLDER PERSONS PROJECT INC,Thomas Guess Neighborhood Senior Center,Y,07/01/2018 - 06/30/2019,578940,578940,0
SENIOR CENTER CONTRACTS,13M01,2019,BRONXWORKS INC,East Concourse Neighborhood Senior Center,Y,07/01/2018 - 06/30/2019,343296,343296,0
SENIOR CENTER CONTRACTS,13H01,2019,BEDFORD PARK MULTI-SERVICE CENTER FOR SENIOR CITIZENS INC,Sister Annunciata Bethell Neighborhood Senior Center,Y,07/01/2018 - 06/30/2019,645241,645241,0
SENIOR CENTER CONTRACTS,15F01,2019,REGIONAL AID FOR INTERIM NEEDS INC,RAIN Mt. Carmel Neighborhood Senior Center,Y,07/01/2018 - 06/30/2019,545728,545728,0
SENIOR CENTER CONTRACTS,3AP02,2019,SERVICES AND ADVOCACY FOR GAYLESBIANBISEXUAL AND TRANSGEND,SAGE BRONX,Y,07/01/2018 - 06/30/2019,305665,305665,0
SENIOR CENTER CONTRACTS,14Z01,2019,SEBCO DEVELOPMENT INC,SEBCO Neighborhood Senior Center,Y,07/01/2018 - 06/30/2019,599899,599899,0
SENIOR CENTER CONTRACTS,14M01,2019,PRESBYTERIAN SENIOR SERVICES,PSS Davidson Neighborhood Senior Center,Y,07/01/2018 - 06/30/2019,448855,444575.01,4279.99
SENIOR CENTER CONTRACTS,1.50E+0,2019,THE NEIGHBORHOOD SELF-HELP BY OLDER PERSONS PROJECT INC,Neighborhood SHOPP Innovative Senior Center,Y,07/01/2018 - 06/30/2019,906094,906094,0
SENIOR CENTER CONTRACTS,14R01,2019,REGIONAL AID FOR INTERIM NEEDS INC,RAIN Middletown Neighborhood Senior Center,Y,07/01/2018 - 06/30/2019,521256,521256,0
SENIOR CENTER CONTRACTS,13J01,2019,BRONX HOUSE INC,Bronx House Weinberg Neighborhood Senior Center,Y,07/01/2018 - 06/30/2019,429542,407536,22006
SENIOR CENTER CONTRACTS,15F02,2019,REGIONAL AID FOR INTERIM NEEDS INC,RAIN FINDLAY HOUSE SENIOR CENTER,Y,07/01/2018 - 06/30/2019,275000,275000,0
SENIOR CENTER CONTRACTS,1Z501,2019,YMCA OF GREATER NEW YORK,BRONX YMCA GLEBE CENTER,Y,07/01/2018 - 06/30/2019,98000,98000,0
SENIOR CENTER CONTRACTS,14T01,2019,REGIONAL AID FOR INTERIM NEEDS INC,RAIN Parkchester Neighborhood Senior Center,Y,07/01/2018 - 06/30/2019,657834,614009,43825
SENIOR CENTER CONTRACTS,14Q03,2019,REGIONAL AID FOR INTERIM NEEDS INC,Bailey Senior Center,Y,07/01/2018 - 06/30/2019,223901,223901,0
SENIOR CENTER CONTRACTS,14Y01,2019,RIVERDALE SENIOR SERVICES INC,Riverdale Neighborhood Senior Center,Y,07/01/2018 - 06/30/2019,1059991,1059991,0
SENIOR CENTER CONTRACTS,13N01,2019,CHILD DEVELOPMENT CENTER OF THE MOSHOLU-MONTEFIORE COMMMUNIT,Marble Hill Neighborhood Senior Center,Y,07/01/2018 - 06/30/2019,341037,341037,0
SENIOR CENTER CONTRACTS,13Y01,2019,JEWISH ASSOCIATION FOR SERVICES FOR THE AGED,Van Cortlandt Neighborhood Senior Center,Y,07/01/2018 - 06/30/2019,519809,519809,0
SENIOR CENTER CONTRACTS,13P02,2019,CHILD DEVELOPMENT CENTER OF THE MOSHOLU-MONTEFIORE COMMMUNIT,Fort Independence Social Club,Y,07/01/2018 - 06/30/2019,269244,269244,0
SENIOR CENTER CONTRACTS,15D01,2019,PRESBYTERIAN SENIOR SERVICES,PSS City Island Neighborhood Senior Center,Y,07/01/2018 - 06/30/2019,404074,404074,0
SENIOR CENTER CONTRACTS,14J01,2019,NORTHEAST BRONX SENIOR CITIZENS INC,Northeast Bronx Neighborhood Senior Center,Y,07/01/2018 - 06/30/2019,725183,725183,0
SENIOR CENTER CONTRACTS,1.40E+0,2019,JEWISH ASSOCIATION FOR SERVICES FOR THE AGED,Throggs Neck Neighborhood Senior Center,Y,07/01/2018 - 06/30/2019,331211,331211,0
SENIOR CENTER CONTRACTS,14C01,2019,JEWISH ASSOCIATION FOR SERVICES FOR THE AGED,Bay Eden Neighborhood Senior Center,Y,07/01/2018 - 06/30/2019,860662,860662,0
SENIOR CENTER CONTRACTS,14S01,2019,REGIONAL AID FOR INTERIM NEEDS INC,RAIN Nereid Neighborhood Senior Center,Y,07/01/2018 - 06/30/2019,663734,663734,0
SENIOR CENTER CONTRACTS,14P01,2019,REGIONAL AID FOR INTERIM NEEDS INC,RAIN Gunhill Neighborhood Senior Center,Y,07/01/2018 - 06/30/2019,407209,407209,0
SENIOR CENTER CONTRACTS,14K01,2019,PRESBYTERIAN SENIOR SERVICES,PSS Parkside Neighborhood Senior Center,Y,07/01/2018 - 06/30/2019,417696,417696,0
SENIOR CENTER CONTRACTS,13P01,2019,CHILD DEVELOPMENT CENTER OF THE MOSHOLU-MONTEFIORE COMMMUNIT,Mosholu Montefiore Neighborhood Senior Center,Y,07/01/2018 - 06/30/2019,470270,470270,0
SENIOR CENTER CONTRACTS,14U01,2019,REGIONAL AID FOR INTERIM NEEDS INC,RAIN Boston Road Neighborhood Senior Center,Y,07/01/2018 - 06/30/2019,637846,637846,0
SENIOR CENTER CONTRACTS,14Q02,2019,REGIONAL AID FOR INTERIM NEEDS INC,Tolentine Zeiser Community Life Center,Y,07/01/2018 - 06/30/2019,228167,228167,0
SENIOR CENTER CONTRACTS,14Q01,2019,REGIONAL AID FOR INTERIM NEEDS INC,RAIN Eastchester Neighborhood Senior Center,Y,07/01/2018 - 06/30/2019,611433,611433,0
SENIOR CENTER CONTRACTS,14C02,2019,JEWISH ASSOCIATION FOR SERVICES FOR THE AGED,Sue Ginsburg Senior Center,Y,07/01/2018 - 06/30/2019,219167,219167,0
SENIOR CENTER CONTRACTS,14V01,2019,REGIONAL AID FOR INTERIM NEEDS INC,RAIN Boston East Neighborhood Senior Center,Y,07/01/2018 - 06/30/2019,691788,691788,0
SENIOR CENTER CONTRACTS,15C01,2019,YM YWHA OF THE BRONX/RIVERDALE YM YWHA,Riverdale Y Senior Center,Y,07/01/2018 - 06/30/2019,630124,619585,0
SENIOR CENTER CONTRACTS,13T01,2019,INSTITUTE FOR THE PUERTO RICAN HISPANIC ELDERLY INC,Bronx River Neighborhood Senior Center,Y,07/01/2018 - 06/30/2019,496156,496156,0
SENIOR CENTER CONTRACTS,13U01,2019,INSTITUTE FOR THE PUERTO RICAN HISPANIC ELDERLY INC,James Monroe Neighborhood Senior Center,Y,07/01/2018 - 06/30/2019,559912,559912,0
SENIOR CENTER CONTRACTS,14F01,2019,KIPS BAY BOYS AND GIRLS CLUB,Kips Bay Castle Hill Neighborhood Senior Center,Y,07/01/2018 - 06/30/2019,420304,420304,0
SENIOR CENTER CONTRACTS,14D01,2019,JEWISH ASSOCIATION FOR SERVICES FOR THE AGED,Dreiser Neighborhood Senior Center,Y,07/01/2018 - 06/30/2019,396657,396657,0
SENIOR CENTER CONTRACTS,13Z01,2019,JEWISH ASSOCIATION FOR SERVICES FOR THE AGED,Coop City Neighborhood Senior Center,Y,07/01/2018 - 06/30/2019,360069,360069,0
SENIOR CENTER CONTRACTS,13Z02,2019,JEWISH ASSOCIATION FOR SERVICES FOR THE AGED,JASA Einstein Senior Center,Y,07/01/2018 - 06/30/2019,161682,161682,0
SENIOR CENTER CONTRACTS,14X01,2019,REGIONAL AID FOR INTERIM NEEDS INC,RAIN Boston Secor Neighborhood Senior Center,Y,07/01/2018 - 06/30/2019,563053,563053,0
SENIOR CENTER CONTRACTS,43W01,2019,JACOB A RIIS NEIGHBORHOOD SETTLEMENT,Queensbridge/Riis Neighborhood Senior Center,Y,07/01/2018 - 06/30/2019,455589,450589,5000
SENIOR CENTER CONTRACTS,44T01,2019,THE SPANISH SPEAKING ELDERLY COUNCIL-RAICES INC.,RAICES Astoria Neighborhood Senior Center,Y,07/01/2018 - 06/30/2019,431937,426717,5220
SENIOR CENTER CONTRACTS,45N01,2019,HANAC INC.,HANAC Harmony JVL Innovative Senior Center,Y,07/01/2018 - 06/30/2019,1213160,1213160,0
SENIOR CENTER CONTRACTS,43Y01,2019,SUNNYSIDE COMMUNITY SERVICES INC,Sunnyside Community Neighborhood Senior Center,Y,07/01/2018 - 06/30/2019,1148366,1148366,0
SENIOR CENTER CONTRACTS,42X01,2019,CATHOLIC CHARITIES NEIGHBORHOOD SERVICES INC,CCNS Dellamonica-Steinway Neighborhood Senior Center,Y,07/01/2018 - 06/30/2019,909192,909192,0
SENIOR CENTER CONTRACTS,43L01,2019,HANAC INC.,HANAC Ravenswood Neighborhood Senior Center,Y,07/01/2018 - 06/30/2019,483048,483048,0
SENIOR CENTER CONTRACTS,25G01,2019,CATHOLIC CHARITIES NEIGHBORHOOD SERVICES INC,CCNS St. Charles Neighborhood Senior Center,Y,07/01/2018 - 06/30/2019,445728,445728,0
SENIOR CENTER CONTRACTS,27H02,2019,THE SPANISH SPEAKING ELDERLY COUNCIL-RAICES INC.,Farragut Senior Center,Y,07/01/2018 - 06/30/2019,168299,167067,1232
SENIOR CENTER CONTRACTS,27H03,2019,THE SPANISH SPEAKING ELDERLY COUNCIL-RAICES INC.,RAICES Gowanus Senior Center,Y,07/01/2018 - 06/30/2019,57489,55541,1948
SENIOR CENTER CONTRACTS,25K01,2019,CROWN HEIGHTS PRESERVATION CORP,Shalom Neighborhood Senior Center,Y,07/01/2018 - 06/30/2019,487144,487144,0
SENIOR CENTER CONTRACTS,25Q01,2019,FORT GREENE COUNCIL,Blenman Neighborhood Senior Center,Y,07/01/2018 - 06/30/2019,580653,580653,0
SENIOR CENTER CONTRACTS,25X01,2019,FORT GREENE COUNCIL,Remsen Neighborhood Senior Center,Y,07/01/2018 - 06/30/2019,845700,845700,0
SENIOR CENTER CONTRACTS,28C02,2019,SEPHARDIC MULTI SERVICES SENIOR CITIZEN CENTER INC,House of Jacob Neighborhood Senior Center,Y,07/01/2018 - 06/30/2019,496869,496869,0
SENIOR CENTER CONTRACTS,26501,2019,FORT GREENE COUNCIL,Willoughby Neighborhood Senior Center,Y,07/01/2018 - 06/30/2019,442487,442487,0
SENIOR CENTER CONTRACTS,26Q01,2019,JEWISH ASSOCIATION FOR SERVICES FOR THE AGED,Williamsburg Neighborhood Senior Center,Y,07/01/2018 - 06/30/2019,407009,403652,0
SENIOR CENTER CONTRACTS,25U01,2019,FORT GREENE COUNCIL,Maria Lawton Neighborhood Senior Center,Y,07/01/2018 - 06/30/2019,412208,412208,0
SENIOR CENTER CONTRACTS,25J01,2019,CONGREGATION YETEV LEV DSATMAR,Williamsburg Satmar Neighborhood Senior Center,Y,07/01/2018 - 06/30/2019,415435,415435,0
SENIOR CENTER CONTRACTS,28G01,2019,RISEBORO COMMUNITY PARTNERSHIP INC,Ridgewood Bushwick Innovative Senior Center,Y,07/01/2018 - 06/30/2019,1334393,1334393,0
SENIOR CENTER CONTRACTS,27001,2019,RISEBORO COMMUNITY PARTNERSHIP INC,Borinquen Plaza Nutrition Neighborhood Senior Center,Y,07/01/2018 - 06/30/2019,643159,493524,149635
SENIOR CENTER CONTRACTS,25A01,2019,BERGEN BASIN COMMUNITY DEVELOPMENT CORPORATION DBA MILLENNIU,Penn Wortman Neighborhood Senior Center,Y,07/01/2018 - 06/30/2019,446110,446110,0
SENIOR CENTER CONTRACTS,25Z01,2019,FORT GREENE COUNCIL,Teresa Moore Neighborhood Senior Center,Y,07/01/2018 - 06/30/2019,431687,431687,0
SENIOR CENTER CONTRACTS,25L01,2019,CYPRESS HILLS-FULTON STREET SENIOR CITIZENS CENTER INC,Cypress Hills Fulton Street Senior Citizens Center,Y,07/01/2018 - 06/30/2019,651410,651410,0
SENIOR CENTER CONTRACTS,27K01,2019,SUNSET PARK HEALTH COUNCIL INC d/b/a FAMILY HEALTH CENTERS A,Shore Hill Neighborhood Senior Center,Y,07/01/2018 - 06/30/2019,325665,325665,0
SENIOR CENTER CONTRACTS,27U01,2019,BAY RIDGE CENTER INC d/b/a BAY RIDGE CENTER,Bay Ridge Neighborhood Senior Center,Y,07/01/2018 - 06/30/2019,655486,655486,0
SENIOR CENTER CONTRACTS,2.70E+0,2019,SOUTHSIDE UNITED HOUSING DEVELOPMENT FUND CORP,Los Sures David Santiago Neighborhood Senior Center,Y,07/01/2018 - 06/30/2019,389805,389805,0
SENIOR CENTER CONTRACTS,2.50E+0,2019,CATHOLIC CHARITIES NEIGHBORHOOD SERVICES INC,CCNS Northside Neighborhood Senior Center,Y,07/01/2018 - 06/30/2019,477805,477805,0
SENIOR CENTER CONTRACTS,24R01,2019,BERGEN BASIN COMMUNITY DEVELOPMENT CORPORATION DBA MILLENNIU,Independence Neighborhood Senior Center,Y,07/01/2018 - 06/30/2019,495791,495791,0
SENIOR CENTER CONTRACTS,27S01,2019,WAYSIDE OUT-REACH DEVELOPMENT INC,Vandyke Neighborhood Senior Center,Y,07/01/2018 - 06/30/2019,421906,419406,0
SENIOR CENTER CONTRACTS,27P01,2019,WAYSIDE OUT-REACH DEVELOPMENT INC,Rosetta Gaston Neighborhood Senior Center,Y,07/01/2018 - 06/30/2019,606088,606088,0
SENIOR CENTER CONTRACTS,27Q01,2019,WAYSIDE OUT-REACH DEVELOPMENT INC,Tilden Neighborhood Senior Center,Y,07/01/2018 - 06/30/2019,398339,398339,0
SENIOR CENTER CONTRACTS,28A01,2019,CATHOLIC CHARITIES NEIGHBORHOOD SERVICES INC,CCNS Riverway Innovative Senior Center,Y,07/01/2018 - 06/30/2019,821749,821749,0
SENIOR CENTER CONTRACTS,25R02,2019,FORT GREENE COUNCIL,Marcus Garvey Social Club,Y,07/01/2018 - 06/30/2019,256511,256511,0
SENIOR CENTER CONTRACTS,25R03,2019,FORT GREENE COUNCIL,Seth Low Social Club,Y,07/01/2018 - 06/30/2019,281233,281233,0
SENIOR CENTER CONTRACTS,25P01,2019,FORT GREENE COUNCIL,Albany Neighborhood Senior Center,Y,07/01/2018 - 06/30/2019,676747,676747,0
SENIOR CENTER CONTRACTS,25H01,2019,CATHOLIC CHARITIES NEIGHBORHOOD SERVICES INC,CCNS St. Louis Neighborhood Senior Center,Y,07/01/2018 - 06/30/2019,599791,599791,0
SENIOR CENTER CONTRACTS,24Z01,2019,CATHOLIC CHARITIES NEIGHBORHOOD SERVICES INC,CCNS The Lodge Neighborhood Senior Center,Y,07/01/2018 - 06/30/2019,469064,469064,0
SENIOR CENTER CONTRACTS,25N01,2019,EDITH AND CARL MARKS JEWISH COMMUNITY HOUSE OF BENSONHURST,Bensonhurst Neighborhood Senior Center,Y,07/01/2018 - 06/30/2019,654722,654722,0
SENIOR CENTER CONTRACTS,26A01,2019,HOMECREST COMMUNITY SERVICES INC,Homecrest Bensonhurst Neighborhood Senior Center,Y,07/01/2018 - 06/30/2019,449965,449965,0
SENIOR CENTER CONTRACTS,27Z01,2019,ST JOHN ST MATTHEW EMANUEL LUTHERAN CHURCH,Prospect Hill Neighborhood Senior Center,Y,07/01/2018 - 04/30/2019,606883,606883,0
SENIOR CENTER CONTRACTS,28J01,2019,HEIGHTS AND HILLS INC.,Park Slope Center for Successful Aging,Y,07/01/2018 - 06/30/2019,610633,460633,150000
SENIOR CENTER CONTRACTS,27R01,2019,WAYSIDE OUT-REACH DEVELOPMENT INC,Tompkins Park Neighborhood Senior Center,Y,07/01/2018 - 06/30/2019,622364,611466,0
SENIOR CENTER CONTRACTS,25S01,2019,FORT GREENE COUNCIL,Grant Square Neighborhood Senior Center,Y,07/01/2018 - 06/30/2019,439414,439414,0
SENIOR CENTER CONTRACTS,27H01,2019,THE SPANISH SPEAKING ELDERLY COUNCIL-RAICES INC.,RAICES Times Plaza Neighborhood Senior Center,Y,07/01/2018 - 06/30/2019,526763,521335,5428
SENIOR CENTER CONTRACTS,27J01,2019,THE SPANISH SPEAKING ELDERLY COUNCIL-RAICES INC.,Wyckoff Gardens Neighborhood Senior Center,Y,07/01/2018 - 06/30/2019,383850,382191,1659
SENIOR CENTER CONTRACTS,25801,2019,CATHOLIC CHARITIES NEIGHBORHOOD SERVICES INC,CCNS Narrows Neighborhood Senior Center,Y,07/01/2018 - 06/30/2019,749228,749228,0
SENIOR CENTER CONTRACTS,23U01,2019,AMERICAN ITALIAN COALITION OF ORGANIZATIONS INC\AMICO,AMICO 59th Street Neighborhood Senior Center,Y,07/01/2018 - 06/30/2019,628938,628938,0
SENIOR CENTER CONTRACTS,24U01,2019,YOUNG MENS AND YOUNG WOMENS HEBREW ASSOCIATION OF BORO PARK,Boro Park Y Neighborhood Senior Center,Y,07/01/2018 - 06/30/2019,610913,610913,0
SENIOR CENTER CONTRACTS,22U01,2019,AGUDATH ISRAEL OF AMERICA COMMUNITY SERVICES INC,Boro Park Neighborhood Senior Center,Y,07/01/2018 - 06/30/2019,583972,583972,0
SENIOR CENTER CONTRACTS,24V01,2019,BROOKLYN CHINESE-AMERICAN ASSOCIATION,BCA Neighborhood Senior Center,Y,07/01/2018 - 06/30/2019,723848,719015,4833
SENIOR CENTER CONTRACTS,27L01,2019,SUNSET PARK HEALTH COUNCIL INC d/b/a FAMILY HEALTH CENTERS A,Sunset Park Neighborhood Senior Center,Y,07/01/2018 - 06/30/2019,501631,479897,21734
SENIOR CENTER CONTRACTS,27N01,2019,UNITED SENIOR CITIZENS OF SUNSET PARK INC,United Neighborhood Senior Citizens Center,Y,07/01/2018 - 06/30/2019,753935,744282,9653
SENIOR CENTER CONTRACTS,27V01,2019,RISEBORO COMMUNITY PARTNERSHIP INC,Hope Gardens Multi-Service Neighborhood Senior Center,Y,07/01/2018 - 06/30/2019,754686,575286,179400
SENIOR CENTER CONTRACTS,27B01,2019,RISEBORO COMMUNITY PARTNERSHIP INC,Roundtable Neighborhood Senior Center,Y,07/01/2018 - 06/30/2019,626124,626124,0
SENIOR CENTER CONTRACTS,27B04,2019,RISEBORO COMMUNITY PARTNERSHIP INC,Stuyvesant Gardens Social Club,Y,07/01/2018 - 06/30/2019,237647,237647,0
SENIOR CENTER CONTRACTS,27B05,2019,RISEBORO COMMUNITY PARTNERSHIP INC,Palmetto Gardens Social Club,Y,07/01/2018 - 06/30/2019,182473,182473,0
SENIOR CENTER CONTRACTS,25Y01,2019,FORT GREENE COUNCIL,Stuyvesant Heights Neighborhood Senior Center,Y,07/01/2018 - 06/30/2019,498976,498976,0
SENIOR CENTER CONTRACTS,26Q02,2019,JEWISH ASSOCIATION FOR SERVICES FOR THE AGED,Cooper Park Social Club,Y,07/01/2018 - 06/30/2019,252066,252066,0
SENIOR CENTER CONTRACTS,26Y01,2019,POLISH & SLAVIC CENTER INC,Krakus Luncheon Club Neighborhood Senior Center,Y,07/01/2018 - 06/30/2019,645410,645410,0
SENIOR CENTER CONTRACTS,25F01,2019,CATHOLIC CHARITIES NEIGHBORHOOD SERVICES INC,CCNS Pete McGuinness Neighborhood Senior Center,Y,07/01/2018 - 06/30/2019,657555,605569,51986
SENIOR CENTER CONTRACTS,26T01,2019,JEWISH COMMUNITY COUNCIL OF GREATER CONEY ISLAND INC,Marlboro Neighborhood Senior Center,Y,07/01/2018 - 06/30/2019,441556,441556,0
SENIOR CENTER CONTRACTS,26U01,2019,BROOKLYN SECTION NATIONAL COUNCIL OF JEWISH WOMEN INC.,Council Center for Senior Citizens Neighborhood Senior Center,Y,07/01/2018 - 06/30/2019,687400,687400,0
SENIOR CENTER CONTRACTS,26V01,2019,JEWISH COMMUNITY COUNCIL OF GREATER CONEY ISLAND INC,Ocean Parkway Neighborhood Senior Center,Y,07/01/2018 - 06/30/2019,612618,612618,0
SENIOR CENTER CONTRACTS,2N701,2019,SBH COMMUNITY SERVICE NETWORKINC.,COMMUNITY SERVICE NETWORK NORC,Y,07/01/2018 - 06/30/2019,115000,115000,0
SENIOR CENTER CONTRACTS,28C01,2019,SEPHARDIC MULTI SERVICES SENIOR CITIZEN CENTER INC,Sephardic Multi-Service Neighborhood Senior Center,Y,07/01/2018 - 06/30/2019,731777,731777,0
SENIOR CENTER CONTRACTS,28B01,2019,JEWISH COMMUNITY COUNCIL OF GREATER CONEY ISLAND INC,JCCGCI Innovative Senior Center,Y,07/01/2018 - 06/30/2019,956275,956275,0
SENIOR CENTER CONTRACTS,26R01,2019,JEWISH COMMUNITY COUNCIL OF GREATER CONEY ISLAND INC,Haber House Neighborhood Senior Center,Y,07/01/2018 - 06/30/2019,543526,539214,0
SENIOR CENTER CONTRACTS,26K01,2019,JEWISH ASSOCIATION FOR SERVICES FOR THE AGED,Luna Park Neighborhood Senior Center,Y,07/01/2018 - 06/30/2019,374533,374533,0
SENIOR CENTER CONTRACTS,26L01,2019,JEWISH ASSOCIATION FOR SERVICES FOR THE AGED,Scheuer House of Coney Island Neighborhood Senior Center,Y,07/01/2018 - 06/30/2019,393493,393493,0
SENIOR CENTER CONTRACTS,27M01,2019,ST GABRIELS EPISCOPAL CHURCH,St. Gabriel's Neighborhood Senior Center,Y,07/01/2018 - 06/30/2019,451586,451586,0
SENIOR CENTER CONTRACTS,25T01,2019,FORT GREENE COUNCIL,Hazel Brooks Neighborhood Senior Center,Y,07/01/2018 - 06/30/2019,618114,552114,66000
SENIOR CENTER CONTRACTS,25M01,2019,DORCHESTER SENIOR CITIZENS CENTER INC,Dorchester Neighborhood Senior Citizens Center,Y,07/01/2018 - 06/30/2019,491940,489869,2071
SENIOR CENTER CONTRACTS,26S01,2019,JEWISH COMMUNITY COUNCIL OF GREATER CONEY ISLAND INC,Jay Harama Neighborhood Senior Center,Y,07/01/2018 - 06/30/2019,819693,816393,0
SENIOR CENTER CONTRACTS,24X01,2019,CATHOLIC CHARITIES NEIGHBORHOOD SERVICES INC,CCNS The Bay Neighborhood Senior Center,Y,07/01/2018 - 06/30/2019,618285,618285,0
SENIOR CENTER CONTRACTS,23Q01,2019,AGUDATH ISRAEL OF AMERICA COMMUNITY SERVICES INC,Brookdale Neighborhood Senior Center,Y,07/01/2018 - 06/30/2019,636196,636196,0
SENIOR CENTER CONTRACTS,27C01,2019,SENIOR CITIZENS LEAGUE OF FLATBUSH INC,Senior Citizens League of Flatbush Neighborhood Senior Center,Y,07/01/2018 - 06/30/2019,837863,837863,0
SENIOR CENTER CONTRACTS,27D01,2019,SENIOR CITIZENS LEAGUE OF FLATBUSH INC,Senior Citizens League of Midwood Neighborhood Senior Center,Y,07/01/2018 - 06/30/2019,782755,782755,0
SENIOR CENTER CONTRACTS,27T01,2019,YOUNG ISRAEL PROGRAMS INC,Young Israel Senior Services Neighborhood Senior Center,Y,07/01/2018 - 06/30/2019,592604,592604,0
SENIOR CENTER CONTRACTS,28D01,2019,AMERICAN ITALIAN COALITION OF ORGANIZATIONS INC\AMICO,AMICO Eileen Dugan Neighborhood Senior Center,Y,07/01/2018 - 06/30/2019,572200,572200,0
SENIOR CENTER CONTRACTS,27G01,2019,THE SPANISH SPEAKING ELDERLY COUNCIL-RAICES INC.,Red Hook Neighborhood Senior Center,Y,07/01/2018 - 06/30/2019,454471,451063,3408
SENIOR CENTER CONTRACTS,27B02,2019,RISEBORO COMMUNITY PARTNERSHIP INC,Saratoga Square Senior Center,Y,07/01/2018 - 06/30/2019,289031,289031,0
SENIOR CENTER CONTRACTS,27B03,2019,RISEBORO COMMUNITY PARTNERSHIP INC,Brevoort Social Club,Y,07/01/2018 - 06/30/2019,215114,215114,0
SENIOR CENTER CONTRACTS,25V01,2019,FORT GREENE COUNCIL,Hugh Gilroy Neighborhood Senior Center,Y,07/01/2018 - 06/30/2019,401182,401182,0
SENIOR CENTER CONTRACTS,24Y01,2019,CATHOLIC CHARITIES NEIGHBORHOOD SERVICES INC,CCNS Glenwood Neighborhood Senior Center,Y,07/01/2018 - 06/30/2019,454558,443214,11344
SENIOR CENTER CONTRACTS,24M01,2019,BERGEN BASIN COMMUNITY DEVELOPMENT CORPORATION DBA MILLENNIU,Midwood Neighborhood Senior Center,Y,07/01/2018 - 06/30/2019,460677,457360,3317
SENIOR CENTER CONTRACTS,24M02,2019,BERGEN BASIN COMMUNITY DEVELOPMENT CORPORATION DBA MILLENNIU,Mill Basin Neighborhood Senior Center,Y,07/01/2018 - 06/30/2019,397356,397356,0
SENIOR CENTER CONTRACTS,24S01,2019,BERGEN BEACH YOUTH ORGANIZATION INC,Marine Park Active Adults Neighborhood Senior Center,Y,07/01/2018 - 06/30/2019,485837,485837,0
SENIOR CENTER CONTRACTS,26M01,2019,JEWISH ASSOCIATION FOR SERVICES FOR THE AGED,Senior Alliance Neighborhood Senior Center,Y,07/01/2018 - 06/30/2019,579939,579939,0
SENIOR CENTER CONTRACTS,26N01,2019,JEWISH ASSOCIATION FOR SERVICES FOR THE AGED,Shorefront Neighborhood Senior Center,Y,07/01/2018 - 06/30/2019,537608,537608,0
SENIOR CENTER CONTRACTS,26H01,2019,JEWISH ASSOCIATION FOR SERVICES FOR THE AGED,Manhattan Beach Neighborhood Senior Center,Y,07/01/2018 - 06/30/2019,529062,518178,0
SENIOR CENTER CONTRACTS,26J01,2019,JEWISH ASSOCIATION FOR SERVICES FOR THE AGED,HES Neighborhood Senior Center,Y,07/01/2018 - 06/30/2019,497074,497074,0
SENIOR CENTER CONTRACTS,27A01,2019,BERGEN BASIN COMMUNITY DEVELOPMENT CORPORATION DBA MILLENNIU,Abe Stark Neighborhood Senior Center,Y,07/01/2018 - 06/30/2019,447521,447521,0
SENIOR CENTER CONTRACTS,26Z01,2019,RISEBORO COMMUNITY PARTNERSHIP INC,Ridgewood Bushwick Neighborhood Senior Center,Y,07/01/2018 - 06/30/2019,844603,844603,0
SENIOR CENTER CONTRACTS,25R01,2019,FORT GREENE COUNCIL,Grace Agard Harewood Neighborhood Senior Center,Y,07/01/2018 - 06/30/2019,850709,850709,0
SENIOR CENTER CONTRACTS,26P01,2019,JEWISH ASSOCIATION FOR SERVICES FOR THE AGED,JASA Starrett City Neighborhood Senior Center,Y,07/01/2018 - 06/30/2019,478283,474629,0
SENIOR CENTER CONTRACTS,24Q01,2019,BERGEN BASIN COMMUNITY DEVELOPMENT CORPORATION DBA MILLENNIU,Vandalia Neighborhood Senior Center,Y,07/01/2018 - 06/30/2019,537120,537120,0
SENIOR CENTER CONTRACTS,44A01,2019,SELFHELP COMMUNITY SERVICES INC,Selfhelp Latimer Neighborhood Senior Center,Y,07/01/2018 - 06/30/2019,422034,422034,0
SENIOR CENTER CONTRACTS,42T01,2019,SELFHELP COMMUNITY SERVICES INC,Selfhelp Innovative Senior Center,Y,07/01/2018 - 12/31/2018,651416,651416,0
SENIOR CENTER CONTRACTS,45T01,2019,SELFHELP COMMUNITY SERVICES INC,Selfhelp Innovative Senior Center,Y,01/01/2019 - 06/30/2019,635603,635603,0
SENIOR CENTER CONTRACTS,48801,2019,CHINESE-AMERICAN PLANNING COUNCIL INC,CPC Nan Shan Neighborhood Senior Center,Y,07/01/2018 - 06/30/2019,721196,721196,0
SENIOR CENTER CONTRACTS,46F01,2019,HANAC INC.,HANAC Angelo Petromelis Neighborhood Senior Center,Y,07/01/2018 - 06/30/2019,527869,515770,2199
SENIOR CENTER CONTRACTS,43R01,2019,KOREAN COMMUNITY SERVICES OF METROPOLITAN NEW YORK INC,KCS Flushing Neighborhood Senior Center,Y,07/01/2018 - 06/30/2019,1470267,865267,605000
SENIOR CENTER CONTRACTS,43T01,2019,SELFHELP COMMUNITY SERVICES INC,Selfhelp Clearview Neighborhood Senior Center,Y,07/01/2018 - 06/30/2019,652946,652946,0
SENIOR CENTER CONTRACTS,44X01,2019,SAMUEL FIELD YM & YWHA INC,Samuel Field Neighborhood Senior Center,Y,07/01/2018 - 06/30/2019,733948,733948,0
SENIOR CENTER CONTRACTS,43A01,2019,CATHOLIC CHARITIES NEIGHBORHOOD SERVICES INC,Bayside Neighborhood Senior Center,Y,07/01/2018 - 06/30/2019,884097,873897,0
SENIOR CENTER CONTRACTS,43Z01,2019,YOUNG ISRAEL PROGRAMS INC,Queens Valley Neighborhood Senior Center,Y,07/01/2018 - 06/30/2019,401908,401908,0
SENIOR CENTER CONTRACTS,44W01,2019,QUEENS COMMUNITY HOUSE INC.,Pomonok Neighborhood Senior Center,Y,07/01/2018 - 06/30/2019,461209,461209,0
SENIOR CENTER CONTRACTS,47201,2019,INSTITUTE FOR THE PUERTO RICAN HISPANIC ELDERLY INC,Corona Neighborhood Senior Center,Y,07/01/2018 - 06/30/2019,871158,871158,0
SENIOR CENTER CONTRACTS,44R01,2019,THE SPANISH SPEAKING ELDERLY COUNCIL-RAICES INC.,RAICES Corona Neighborhood Senior Center,Y,07/01/2018 - 06/30/2019,472549,467329,5220
SENIOR CENTER CONTRACTS,44K01,2019,KOREAN COMMUNITY SERVICES OF METROPOLITAN NEW YORK INC,KCS Corona Neighborhood Senior Center,Y,07/01/2018 - 06/30/2019,585243,585243,0
SENIOR CENTER CONTRACTS,43F01,2019,CORONA CONGREGATIONAL CHURCH,Florence E. Smith Neighborhood Senior Center,Y,07/01/2018 - 06/30/2019,516256,516256,0
SENIOR CENTER CONTRACTS,42Y01,2019,ELMCOR YOUTH & ADULT ACTIVITIES INC,Elmcor's Golden Phoenix Club One,Y,07/01/2018 - 06/30/2019,470699,469928,771
SENIOR CENTER CONTRACTS,43K01,2019,ELMCOR YOUTH & ADULT ACTIVITIES INC,Elmcor's Golden Phoenix Club Two,Y,07/01/2018 - 06/30/2019,513923,513923,0
SENIOR CENTER CONTRACTS,43B01,2019,CATHOLIC CHARITIES NEIGHBORHOOD SERVICES INC,CCNS Catherine Sheridan Neighborhood Senior Center,Y,07/01/2018 - 06/30/2019,958811,958811,0
SENIOR CENTER CONTRACTS,4PL01,2019,QUEENS COMMUNITY HOUSE INC.,QUEENS CENTER FOR GAY SENIORS,Y,07/01/2018 - 06/30/2019,365000,365000,0
SENIOR CENTER CONTRACTS,2.70E+0,2019,SOUTHSIDE UNITED HOUSING DEVELOPMENT FUND CORP,SWINGING 60S SENIOR CENTER,Y,07/01/2018 - 06/30/2019,589418,589418,0
SENIOR CENTER CONTRACTS,43N01,2019,INSTITUTE FOR THE PUERTO RICAN HISPANIC ELDERLY INC,Elmhurst Jackson Heights Neighborhood Senior Center,Y,07/01/2018 - 06/30/2019,924472,924472,0
SENIOR CENTER CONTRACTS,43V01,2019,ITALIAN SENIOR CITIZENS INC.,Newtown Italian Neighborhood Senior Center,Y,07/01/2018 - 06/30/2019,688135,688135,0
SENIOR CENTER CONTRACTS,43X01,2019,QUEENS COMMUNITY HOUSE INC.,Rego Park Neighborhood Senior Center,Y,07/01/2018 - 06/30/2019,604890,604890,0
SENIOR CENTER CONTRACTS,44M01,2019,QUEENS COMMUNITY HOUSE INC.,Forest Hills Neighborhood Senior Center,Y,07/01/2018 - 06/30/2019,693140.8,693140.8,0
SENIOR CENTER CONTRACTS,43P01,2019,SELFHELP COMMUNITY SERVICES INC,Selfhelp Austin Street Neighborhood Senior Center,Y,07/01/2018 - 06/30/2019,833615,833615,0
SENIOR CENTER CONTRACTS,49701,2019,YOUNG ISRAEL PROGRAMS INC,The Young Israel of Forest Hills Neighborhood Senior Center,Y,07/01/2018 - 06/30/2019,474679,474679,0
SENIOR CENTER CONTRACTS,45C01,2019,SAMARITAN DAYTOP VILLAGE INC,Woodside Neighborhood Senior Center,Y,07/01/2018 - 06/30/2019,503921,503921,0
SENIOR CENTER CONTRACTS,49301,2019,SELFHELP COMMUNITY SERVICES INC,Selfhelp Maspeth Neighborhood Senior Center,Y,07/01/2018 - 06/30/2019,759171,759171,0
SENIOR CENTER CONTRACTS,45F01,2019,RABBI ISRAEL MEYER HACOHEN RABBINICAL SEMINARY OF AMERICA IN,Middle Village Neighborhood Senior Center,Y,07/01/2018 - 06/30/2019,639971,639971,0
SENIOR CENTER CONTRACTS,45A01,2019,RIDGEWOOD OLDER ADULT CENTER AND SERVICES INC,Ridgewood Older Adult Neighborhood Senior Center,Y,07/01/2018 - 06/30/2019,576725,576725,0
SENIOR CENTER CONTRACTS,44G01,2019,PETER CARDELLA SENIOR CITIZEN CENTER INC,Peter Cardella Neighborhood Senior Center,Y,07/01/2018 - 06/30/2019,846289,844214,2075
SENIOR CENTER CONTRACTS,44N01,2019,ALPHA PHI ALPHA SENIOR CITIZENS CENTER INC,Alpha Phi Alpha Neighborhood Senior Center,Y,07/01/2018 - 06/30/2019,621167,620867,300
SENIOR CENTER CONTRACTS,45G01,2019,CATHOLIC CHARITIES NEIGHBORHOOD SERVICES INC,CCNS Howard Beach Neighborhood Senior Center,Y,07/01/2018 - 06/30/2019,605970,605970,0
SENIOR CENTER CONTRACTS,42W01,2019,CATHOLIC CHARITIES NEIGHBORHOOD SERVICES INC,CCNS Ozone Park Neighborhood Senior Center,Y,07/01/2018 - 06/30/2019,475521,450121,0
SENIOR CENTER CONTRACTS,42501,2019,CATHOLIC CHARITIES NEIGHBORHOOD SERVICES INC,CCNS Woodhaven Neighborhood Senior Center,Y,07/01/2018 - 06/30/2019,618744,618744,0
SENIOR CENTER CONTRACTS,44B01,2019,SERVICES NOW FOR ADULT PERSONS INC,Brookville Neighborhood Senior Center,Y,07/01/2018 - 06/30/2019,705859,705859,0
SENIOR CENTER CONTRACTS,42V01,2019,SERVICES NOW FOR ADULT PERSONS INC,SNAP Innovative Senior Center,Y,07/01/2018 - 12/31/2018,827112,827112,0
SENIOR CENTER CONTRACTS,44F01,2019,JEWISH ASSOCIATION FOR SERVICES FOR THE AGED,Holliswood Neighborhood Senior Center,Y,07/01/2018 - 06/30/2019,483478,483478,0
SENIOR CENTER CONTRACTS,45V01,2019,SERVICES NOW FOR ADULT PERSONS INC,SNAP Innovative Senior Center,Y,01/01/2019 - 06/30/2019,754419,754419,0
SENIOR CENTER CONTRACTS,4TV01,2019,INDIA HOME INC,INDIA HOME,Y,07/01/2018 - 06/30/2019,401500,401500,0
SENIOR CENTER CONTRACTS,42Q02,2019,JAMAICA SERVICE PROGRAM FOR OLDER ADULTS INC,International Towers Social Club,Y,07/01/2018 - 06/30/2019,209058,209058,0
SENIOR CENTER CONTRACTS,44P01,2019,CATHOLIC CHARITIES NEIGHBORHOOD SERVICES INC,CCNS Hillcrest Neighborhood Senior Center,Y,07/01/2018 - 06/30/2019,614541,598041,0
SENIOR CENTER CONTRACTS,44Q01,2019,ALLEN AME CHURCH ALLEN COMMUNITY SENIOR CENTER,Allen Community Neighborhood Senior Center,Y,07/01/2018 - 06/30/2019,511581,508466,0
SENIOR CENTER CONTRACTS,4.40E+0,2019,JAMAICA SERVICE PROGRAM FOR OLDER ADULTS INC,Rockaway Boulevard Neighborhood Senior Center,Y,07/01/2018 - 06/30/2019,498050,498050,0
SENIOR CENTER CONTRACTS,43501,2019,JAMAICA SERVICE PROGRAM FOR OLDER ADULTS INC,JSPOA Friendship Neighborhood Senior Center,Y,07/01/2018 - 06/30/2019,492924,492924,0
SENIOR CENTER CONTRACTS,42Q01,2019,JAMAICA SERVICE PROGRAM FOR OLDER ADULTS INC,JSPOA Theodora Jackson Neighborhood Senior Center,Y,07/01/2018 - 06/30/2019,772836,772836,0
SENIOR CENTER CONTRACTS,43M01,2019,ROCHDALE VILLAGE SOCIAL SERVICES INC,Rochdale Neighborhood Senior Center,Y,07/01/2018 - 06/30/2019,485089,485089,0
SENIOR CENTER CONTRACTS,44S01,2019,MERRILL PARK CIVIC ASSOCIATION OF SPRINGFIELD GARDENS INC,Robert Couche Neighborhood Senior Center,Y,07/01/2018 - 06/30/2019,910756,910756,0
SENIOR CENTER CONTRACTS,42A01,2019,BROOKS SENIOR CENTER,Brooks Memorial Neighborhood Senior Center,Y,07/01/2018 - 06/30/2019,313653,313653,0
SENIOR CENTER CONTRACTS,42J01,2019,JEWISH ASSOCIATION FOR SERVICES FOR THE AGED,Roy Reuther Neighborhood Senior Center,Y,07/01/2018 - 06/30/2019,528919,528919,0
SENIOR CENTER CONTRACTS,44H01,2019,JEWISH ASSOCIATION FOR SERVICES FOR THE AGED,JASA Brookdale Neighborhood Senior Center,Y,07/01/2018 - 06/30/2019,728968,728968,0
SENIOR CENTER CONTRACTS,44V01,2019,YOUNG ISRAEL PROGRAMS INC,Wavecrest and Bayswater Neighborhood Senior Center,Y,07/01/2018 - 06/30/2019,344512,344512,0
SENIOR CENTER CONTRACTS,43C01,2019,CATHOLIC CHARITIES NEIGHBORHOOD SERVICES INC,CCNS Seaside Neighborhood Senior Center,Y,07/01/2018 - 06/30/2019,741406,741406,0
SENIOR CENTER CONTRACTS,40101,2019,JEWISH ASSOCIATION FOR SERVICES FOR THE AGED,Rockaway Park Neighborhood Senior Center,Y,07/01/2018 - 06/30/2019,390457,390457,0
TRANSPORTATION SERVICES CONTRACTS,10601,2019,MID BRONX SENIOR CITIZENS COUNCIL INC,MID BRONX TRANSPORTATION,Y,07/01/2018 - 06/30/2019,514193,514193,0
TRANSPORTATION SERVICES CONTRACTS,19601,2019,REGIONAL AID FOR INTERIM NEEDS INC,RAIN EASTCHESTER TRANSPORTATION,Y,07/01/2018 - 06/30/2019,433362,433362,0
TRANSPORTATION SERVICES CONTRACTS,24601,2019,JEWISH COMMUNITY COUNCIL OF GREATER CONEY ISLAND INC,PROJECT RELIEF TRANSPORTATION,Y,07/01/2018 - 06/30/2019,977158,977158,0
TRANSPORTATION SERVICES CONTRACTS,30901,2019,ARC XVI FORT WASHINGTON INC,WHIST TRANSPORTATION,Y,07/01/2018 - 06/30/2019,564634,564634,0
TRANSPORTATION SERVICES CONTRACTS,36701,2019,NEW YORK FOUNDATION FOR SENIOR CITIZENS INC,NEW YORK FOUNDATION TRANSPORTATION,Y,07/01/2018 - 06/30/2019,759634,759634,0
TRANSPORTATION SERVICES CONTRACTS,44601,2019,HANAC INC.,HANAC EAST-WEST CONNECTION,Y,07/01/2018 - 06/30/2019,570781,570781,0
TRANSPORTATION SERVICES CONTRACTS,46201,2019,JAMAICA SERVICE PROGRAM FOR OLDER ADULTS INC,JSPOA TRANSPORTATION PROGRAM,Y,07/01/2018 - 06/30/2019,562391,562391,0
TRANSPORTATION SERVICES CONTRACTS,53801,2019,COMMUNITY AGENCY FOR SENIOR CITIZENS INC,CASC TRANSPORTATION,Y,07/01/2018 - 06/30/2019,883530,883530,0
